subset,k,spearman_mean,spearman_worst,auc_mean,auc_worst,n_seq_auc
rho,1,-0.30121677797913166,-0.12795314528855145,0.6775857529792705,0.5910427881680449,5
n,1,,,0.38755564195909215,0.25780032231645134,5
eps,1,-0.7368698891340502,-0.5955659268687726,0.8664112627491031,0.779181360929641,5
tau,1,-0.10902667596616393,0.1484564587003605,0.5698240958966846,0.4793273766579721,5
kap,1,-0.5361422571773076,-0.20889750885500216,0.7105038515286166,0.5836702248466954,5
phi,1,-0.22198769086466688,0.34706553779275245,0.5933322588616308,0.4105382693617988,5
rho+n,2,-0.301241384387673,-0.12795314528855145,0.6775889601119336,0.5910427881680449,5
rho+eps,2,-0.727708553746471,-0.5942143951771622,0.8637037943417297,0.7798462161068394,5
rho+tau,2,-0.16653962693877186,-0.00568275885077076,0.6036347062243486,0.5314444696797638,5
rho+kap,2,-0.4638252162181767,-0.1919316250721969,0.7020311324011577,0.6145355439473086,5
rho+phi,2,-0.33068345495908763,-0.1670326739578957,0.6490842949880354,0.533976833976834,5
n+eps,2,-0.7369034829030779,-0.5955659268687726,0.8664112627491031,0.779181360929641,5
n+tau,2,-0.10920680027315469,0.1484564587003605,0.5698722028866303,0.4793273766579721,5
n+kap,2,-0.5361634006841813,-0.20889750885500216,0.7105038515286166,0.5836702248466954,5
n+phi,2,-0.2221369226191048,0.34706553779275245,0.5933899872495655,0.4105382693617988,5
eps+tau,2,-0.5327974469696198,-0.3212422554097156,0.7590758980405503,0.6099931864637747,5
eps+kap,2,-0.7425513257482059,-0.6059232834741136,0.8613035639613837,0.7740517828753123,5
eps+phi,2,-0.7011610704594486,-0.6007974271500437,0.8550744186426836,0.7884026131699139,5
tau+kap,2,-0.159927772030338,0.06603326584527232,0.5958733836183562,0.5266068589598001,5
tau+phi,2,-0.25503300215397323,-0.1258509021228505,0.6205392708083448,0.520361117419941,5
kap+phi,2,-0.37349088473310765,-0.2559456051914697,0.6620393297726626,0.5604133545310016,5
rho+n+eps,3,-0.7277143606694031,-0.5942143951771622,0.8637037943417297,0.7798462161068394,5
rho+n+tau,3,-0.1666218905376624,-0.00568275885077076,0.6036571561529899,0.5314444696797638,5
rho+n+kap,3,-0.4638332855786146,-0.1919316250721969,0.7020343395338207,0.6145355439473086,5
rho+n+phi,3,-0.3306800557919506,-0.16705664085198732,0.6490814729419825,0.5340109016579605,5
rho+eps+tau,3,-0.5334669370817748,-0.3294326154406736,0.7625217440597041,0.6140358846241198,5
rho+eps+kap,3,-0.7339233314046829,-0.6032905791364694,0.8596395805890124,0.7660458778105836,5
rho+eps+phi,3,-0.6961165012349865,-0.597767907493537,0.8544261873254291,0.7906380682584648,5
rho+tau+kap,3,-0.20718832130191722,-0.05101680390165786,0.6193221351662309,0.5364410629116512,5
rho+tau+phi,3,-0.27664235924245545,-0.12672272832476003,0.6347904073455191,0.5300249829661594,5
rho+kap+phi,3,-0.4160355767711756,-0.282667773165051,0.6906795311126522,0.595400863047922,5
n+eps+tau,3,-0.5328504428542289,-0.3212422554097156,0.7590823123058763,0.6099931864637747,5
n+eps+kap,3,-0.7425699668620808,-0.6059232834741136,0.8613035639613837,0.7740517828753123,5
n+eps+phi,3,-0.7011786283456691,-0.6007974271500437,0.8550744186426836,0.7884026131699139,5
n+tau+kap,3,-0.16003944731680586,0.06603326584527232,0.5958926264143344,0.5266068589598001,5
n+tau+phi,3,-0.25514139347812187,-0.1258509021228505,0.6205649278696491,0.520361117419941,5
n+kap+phi,3,-0.3734925027187179,-0.2559456051914697,0.6620393297726626,0.5604133545310016,5
eps+tau+kap,3,-0.5449816930892616,-0.33282522405457027,0.7620131581951985,0.6100726777197365,5
eps+tau+phi,3,-0.5417152127492725,-0.3238878973048587,0.7705331443015154,0.6100953895071541,5
eps+kap+phi,3,-0.7092903699239554,-0.6159060712058353,0.8557283785547213,0.7792187145128322,5
tau+kap+phi,3,-0.2849301735039474,-0.15756217072365433,0.636131585814043,0.5265160118101295,5
rho+n+eps+tau,4,-0.5335123777962882,-0.3294326154406736,0.7625281583250301,0.6140358846241198,5
rho+n+eps+kap,4,-0.7339293234361381,-0.6032905791364694,0.8596395805890124,0.7660458778105836,5
rho+n+eps+phi,4,-0.6961166109289262,-0.597767907493537,0.8544261873254291,0.7906380682584648,5
rho+n+tau+kap,4,-0.20724749432650463,-0.05101680390165786,0.6193349636968831,0.5364410629116512,5
rho+n+tau+phi,4,-0.2766941553495992,-0.12672272832476003,0.6347936144781821,0.5300249829661594,5
rho+n+kap+phi,4,-0.41603251905260696,-0.282667773165051,0.6906795311126522,0.595400863047922,5
rho+eps+tau+kap,4,-0.5447288135148212,-0.34017513022183304,0.7650378775619862,0.6142630024982967,5
rho+eps+tau+phi,4,-0.5414470339740263,-0.3321359446641171,0.7714676792384081,0.6140472405178288,5
rho+eps+kap+phi,4,-0.7038472210545884,-0.6157653088079779,0.8540486299002173,0.7702589143765615,5
rho+tau+kap+phi,4,-0.3025640675254126,-0.16142996845228536,0.647687317421857,0.5362480127186009,5
n+eps+tau+kap,4,-0.5450277165528296,-0.33282522405457027,0.7620259867258508,0.6100726777197365,5
n+eps+tau+phi,4,-0.5417409565457417,-0.3238878973048587,0.7705331443015154,0.6100953895071541,5
n+eps+kap+phi,4,-0.7092960877205614,-0.6159060712058353,0.8557283785547213,0.7792187145128322,5
n+tau+kap+phi,4,-0.28500606114259386,-0.15756217072365433,0.6361444143446953,0.5265160118101295,5
eps+tau+kap+phi,4,-0.5513591043538236,-0.33469572016736593,0.7731296928943056,0.6102316602316602,5
rho+n+eps+tau+kap,5,-0.54474513734422,-0.34017513022183304,0.7650378775619862,0.6142630024982967,5
rho+n+eps+tau+phi,5,-0.541466148143016,-0.3321359446641171,0.7714676792384081,0.6140472405178288,5
rho+n+eps+kap+phi,5,-0.7038481191737196,-0.6157653088079779,0.8540486299002173,0.7702589143765615,5
rho+n+tau+kap+phi,5,-0.30259363689802826,-0.16142996845228536,0.6476937316871831,0.5362480127186009,5
rho+eps+tau+kap+phi,5,-0.5504720069927783,-0.3424756228946562,0.7740524811397181,0.6138541903247785,5
n+eps+tau+kap+phi,5,-0.5513894690075019,-0.33469572016736593,0.7731296928943056,0.6102316602316602,5
rho+n+eps+tau+kap+phi,6,-0.5504790753960166,-0.3424756228946562,0.7740524811397181,0.6138541903247785,5
