mode,k,corner_err_px,true_tx,true_ty,est_tx,est_ty,n_used,n_inliers,rho,eps,scale,rot,temporal_resid,frac_inl_in_det,identity_fallback,solver_failed,too_few,rho_n,n_n,eps_n,tau_n,kappa_n,r_geo
clean,1,0.0197007415086785,3.3596298388094543,3.918756592828664,3.361487567951429,3.8981211696901457,980,963,0.9826530612244898,0.0640185741790539,1.0000215697094634,-0.3484297607069263,,,False,False,False,0.9826530612244898,1.0,0.9379875770197197,4.5399929762484854e-05,0.8397540145179924,0.12857629688264866
clean,2,0.0073461520731787,3.3537270089040123,3.8412592073737226,3.355573048900067,3.8513103888042433,973,866,0.8900308324768756,0.0670262599948452,0.9999956964917306,-0.3506718922716092,,,False,False,False,0.8900308324768756,1.0,0.9351706434380568,4.5399929762484854e-05,0.8391028308090805,0.12596017542818524
clean,3,0.0139950571662179,3.3484842683655085,3.667596803745639,3.3582937128934005,3.674049092080592,969,850,0.8771929824561403,0.0649621535118525,0.9999918828007608,-0.3509094847710862,0.13073600677912,,False,False,False,0.8771929824561403,1.0,0.9371029287611654,0.9741916767180769,0.8389391625283379,0.9235309733076913
clean,4,0.014480579841274,3.3444890398922364,3.4202495678550378,3.3492559420920403,3.424486155962997,996,872,0.8755020080321285,0.0655014670902677,0.9999995575323828,-0.3511122096815994,0.0732515381945866,,False,False,False,0.8755020080321285,1.0,0.9365976726852896,0.9854564859622571,0.8389828999446012,0.9252096555346104
clean,5,0.0240845749192801,3.3421914124350067,3.129809361968361,3.3359200131249684,3.1476531577725484,998,917,0.9188376753507014,0.0617427828573583,0.9999990518362114,-0.3524616051428628,0.027606710218256,,False,False,False,0.9188376753507014,1.0,0.9401246718759484,0.9944938725507911,0.8384085513540146,0.9364754810049237
clean,6,0.0258691370617588,3.3418545926570857,2.831611985674094,3.3361368095968253,2.8466315640036948,995,943,0.9477386934673366,0.0609739116533679,0.9999947579565172,-0.3526067571278194,0.0277266031615597,,False,False,False,0.9477386934673366,1.0,0.9408477846189743,0.9944700262771967,0.8382757128140322,0.9424044149479373
clean,7,0.013972205866233,3.3435259295369946,2.56184719525508,3.344416829602682,2.5617782227541537,994,942,0.9476861167002012,0.061130693101977,1.0000048620591568,-0.3511377901174967,0.0180673175454327,,False,False,False,0.9476861167002012,1.0,0.9407002887029949,0.9963930571937075,0.8388980144304077,0.9428685091473152
clean,8,0.0143769104912538,3.347031701903824,2.3535747142926446,3.3533269133969985,2.350851778437124,994,929,0.9346076458752516,0.0627190609747481,0.9999887016360636,-0.3506832291937656,0.0739295818360123,,False,False,False,0.9346076458752516,1.0,0.9392072966107401,0.9853228585221437,0.8389806942974912,0.9378734951328227
clean,9,0.0136001297179288,3.351996242724628,2.2330848173868603,3.3634827047879674,2.2146995958729616,988,914,0.9251012145748988,0.062453301731686,0.9999966582926992,-0.3487331144236544,0.0747846375140159,,False,False,False,0.9251012145748988,1.0,0.939456932801059,0.9851543717481425,0.8399327990554415,0.9361878301500022
clean,10,0.0108254912450097,3.3578832948257933,2.217004136163986,3.3685559859583933,2.2060217630761083,996,942,0.9457831325301204,0.0639035377878849,0.999990810750964,-0.3494936301885697,0.1275756315239712,,False,False,False,0.9457831325301204,1.0,0.9380954859321483,0.9748076336168382,0.8395152803361805,0.9379878814670721
clean,11,0.0116655641268778,3.364055045357865,2.310465298122196,3.369100098003325,2.295433738692118,997,968,0.970912738214644,0.0631683337120954,1.0000040033946331,-0.3495215795497949,0.098194316981379,,False,False,False,0.970912738214644,1.0,0.9387854311510762,0.9805527228528856,0.8395906246827644,0.9441848206055182
clean,12,0.0111996006267105,3.369842340129516,2.5065418956497787,3.376651181992424,2.492232537104608,993,969,0.9758308157099698,0.0623951777165666,1.000005721120471,-0.3492007307735757,0.1076151818571567,,False,False,False,0.9758308157099698,1.0,0.9395115393969871,0.9787069313530652,0.839696478577415,0.9449532621609158
clean,13,0.0183371907253143,3.374618348187284,2.787010987276858,3.376486505885479,2.7957469142533604,999,976,0.9769769769769768,0.0633860099853649,1.0000003903890726,-0.3516518963610853,0.1069941479655556,,False,False,False,0.9769769769769768,1.0,0.938581102076626,0.9788285009376552,0.8387574101673642,0.9447998644628781
clean,14,0.0302265817167624,3.377867567195601,3.12435919036696,3.3735467131712427,3.148274586992239,999,978,0.978978978978979,0.0614979716460705,0.9999918359092452,-0.353049239949138,0.0490917958195577,,False,False,False,0.978978978978979,1.0,0.9403548531099557,0.9902296835622802,0.8380412943421591,0.9475743567004538
clean,15,0.0123477447494925,3.3792425730821307,3.4848115223119365,3.3785027440051465,3.494041375980293,999,989,0.98998998998999,0.0636674864249325,0.9999975241868274,-0.3512227399225478,0.0103948823271615,,False,False,False,0.98998998998999,1.0,0.9383169507876943,0.997923183109312,0.838902418421205,0.9509502232964198
clean,16,0.008919572943112,3.37860226660154,3.832049556893885,3.385317171390173,3.826627719779643,1000,986,0.986,0.0634630999253687,1.0000066723542358,-0.3495580482942087,0.0133108141416533,,False,False,False,0.986,1.0,0.938508749704634,0.9973413775847161,0.8395305009976888,0.9502526982660873
clean,17,0.0159720037878636,3.376027406401967,4.131209578453102,3.3888886713052284,4.113930020467438,1000,985,0.985,0.0633106559274581,1.000005853409451,-0.3488165680712208,0.0454000125452036,,False,False,False,0.985,1.0,0.9386518306361507,0.9909610962274648,0.8398555620402021,0.9489435843353784
clean,18,0.0124006056757482,3.3718117186201866,4.352720592633801,3.376858901395996,4.34063391393733,1000,991,0.991,0.0639775717987062,1.0000059744023146,-0.3498844987532129,0.0625744882318433,,False,False,False,0.991,1.0,0.938026037531595,0.987563088018639,0.8394051967554883,0.9492159127005271
clean,19,0.0155284366418354,3.366429561714206,4.47555968204356,3.365879077661856,4.460143363123902,1000,989,0.989,0.0651213208151176,1.0000193443060088,-0.349961515748272,0.1071995861567582,,False,False,False,0.989,1.0,0.9369537844848737,0.9787882840125239,0.8391484593015477,0.946865744486752
clean,20,0.0158106586210609,3.360483706187281,4.4895663373948125,3.363782787196329,4.48185731371477,999,983,0.983983983983984,0.0645620799590553,1.0000121644451314,-0.3505747592885382,0.0981981502316459,,False,False,False,0.983983983983984,1.0,0.9374779138650213,0.9805519711123765,0.8390116667517852,0.9463189530203948
clean,21,0.0089247580083222,3.35463897792971,4.3965609884211645,3.358811956054496,4.386002509898208,999,987,0.987987987987988,0.0636755306148858,1.0000018967649729,-0.3497317309229903,0.1176038902290846,,False,False,False,0.987987987987988,1.0,0.9383094028182644,0.9767536794252939,0.8395377798104381,0.9466394662709661
clean,22,0.0118458121249815,3.3495490701241835,4.210144599854232,3.3547491006236463,4.19626725813865,1000,989,0.989,0.06366755308993,1.0000094192302562,-0.3494183775856185,0.0938848386368595,,False,False,False,0.989,1.0,0.9383168882347992,0.9813982213112333,0.8395430086478892,0.9477347569363664
clean,23,0.0063212704288783,3.3457845807083686,3.954201394159952,3.355345988182968,3.951832552530184,999,988,0.988988988988989,0.0652877900198588,0.9999946190161524,-0.3497119068311191,0.0548975724062843,,False,False,False,0.988988988988989,1.0,0.9367978235152007,0.9890805403957819,0.8394875999063216,0.9488917144744722
clean,24,0.0087357140212533,3.3437701974683023,3.6602695304596296,3.353972286697486,3.666246364952853,1000,988,0.988,0.0667842581164213,0.999993570989292,-0.350204631475138,0.0411986369849459,,False,False,False,0.988,1.0,0.9353969838767167,0.9917941261117614,0.8392632155698126,0.9488870640949413
clean,25,0.0157160913191134,3.343737945814084,3.3640691913586096,3.347904956598488,3.3733446614541487,1000,993,0.993,0.0626919050806615,0.9999987782470956,-0.3513300337366711,0.0086917732803775,,False,False,False,0.993,1.0,0.9392328019709211,0.9982631554072444,0.838878454966134,0.9517728597834144
clean,26,0.014515488327738,3.34570164600494,3.1015702870888617,3.3558713379222485,3.097536423465631,1000,989,0.989,0.064880884660938,0.999994806492818,-0.3504822096223556,0.0221163202057936,,False,False,False,0.989,1.0,0.9371790891340656,0.9955865041834441,0.8391674788402403,0.9501437269950658
clean,27,0.0120923919931548,3.349455391731155,2.905032668108987,3.355293163123719,2.8971565371955554,1000,992,0.992,0.0646348931113773,0.9999972152056092,-0.3502263897278659,0.0759107744808865,,False,False,False,0.992,1.0,0.9374096556279594,0.9849325129821961,0.839315256148518,0.94875600386599
clean,28,0.01254466810923,3.354596217537932,2.7994547637428155,3.3546460713899706,2.794620582311166,1000,992,0.992,0.0647068703596285,0.9999988646698824,-0.3507482215799906,0.0978439556567026,,False,False,False,0.992,1.0,0.9373421858886354,0.9806214348104375,0.8391239756958291,0.9478671438951176
clean,29,0.0158928131098686,3.360568459723808,2.7998216024048475,3.363149853675228,2.78531967984436,1000,993,0.993,0.0656463383449692,0.9999969748729904,-0.3500537907906551,0.0936830480643168,,False,False,False,0.993,1.0,0.9364619964333288,0.9814378294922779,0.8393836570877805,0.948096496657377
clean,30,0.0121836305347931,3.366724927194497,2.9094551681533574,3.367574063315102,2.9021738159298978,1000,993,0.993,0.0647899969083612,1.0000001847754578,-0.3505003130768269,0.1262209834580314,,False,False,False,0.993,1.0,0.9372642711061793,0.9750717736520097,0.8392439499313031,0.9469939900532982
clean,31,0.0128598751539804,3.3723981482113743,3.1196486963961547,3.3875297388686216,3.112013146973966,1000,991,0.991,0.0644812245522275,0.9999877885904196,-0.349766137448355,0.0942733945230706,,False,False,False,0.991,1.0,0.9375537170876478,0.9813219586633802,0.8393501660290961,0.9479051928189108
clean,32,0.013007621249819,3.376973849756624,3.410625167713249,3.3976542466162982,3.406211194865909,1000,995,0.995,0.0631578608573838,0.9999853900239292,-0.3494214797703834,0.0849296471713297,,False,False,False,0.995,1.0,0.9387952629659855,0.9831575181200726,0.8394545514754747,0.9492986267086001
clean,33,0.0133050576863696,3.3799585804587906,3.753714482939273,3.40077076600311,3.7556688873220168,1000,993,0.993,0.0646431590975146,0.999982416486652,-0.3494171315750897,0.0557022460788057,,False,False,False,0.993,1.0,0.9374019070447659,0.9889213757895102,0.8394064541179477,0.9497336591553
clean,34,0.0101138225038062,3.3810340327338797,4.1145096427791685,3.394002532731207,4.117743994412483,1000,993,0.993,0.066268342693771,0.999990209135915,-0.3495042505811487,0.0160283338865674,,False,False,False,0.993,1.0,0.9358796941151207,0.9967994658864288,0.8395007210751089,0.9509542607093333
clean,35,0.0191597332447411,3.380092084027368,4.456654480426423,3.4036931413580875,4.440600730054308,1000,995,0.995,0.0663646373617751,0.9999785080588052,-0.3486294346414576,0.0425320365810616,,False,False,False,0.995,1.0,0.9357895782295934,0.9915296697984853,0.8396714784187597,0.9503493459049581
clean,36,0.0123551155917074,3.377246699605905,4.745845970446055,3.3807237180023666,4.731587340273403,1000,997,0.997,0.0651297259162807,1.0000059021967669,-0.349758508019192,0.045633130328359,,False,False,False,0.997,1.0,0.9369459093266257,0.9909148951737127,0.8394592893238001,0.9507999161169409
clean,37,0.0149866468628647,3.3728213865648518,4.953610515315646,3.378298009978661,4.934013347401431,1000,999,0.999,0.0659561557747322,1.000007327618693,-0.34937331047045,0.090912181029258,,False,False,False,0.999,1.0,0.9361719091238958,0.9819818669696457,0.8395970479409551,0.9493341262558987
clean,38,0.0149671705794943,3.3673135801909666,5.060438492939383,3.3815191976275654,5.044341002899506,1000,999,0.999,0.0640655549689482,0.999992625851549,-0.3493097307119281,0.0922713054188132,,False,False,False,0.999,1.0,0.9379435106575846,0.9817149761439723,0.8396229567971656,0.9496473887252302
clean,39,0.0132208244244537,3.3613398832483483,5.057931995000772,3.3735975889707106,5.044687736558861,1000,996,0.996,0.0641462493763713,0.9999937067866804,-0.3495105993603697,0.1105439508883508,,False,False,False,0.996,1.0,0.9378678269154642,0.9781338179109095,0.8395567841237144,0.9483526567995748
low_texture,14,3729.801240299224,3.377867567195601,3.12435919036696,3876.98533283482,2998.469955007124,7,3,0.4285714285714285,0.8584033396100474,5.20247171670492,174.08783837360522,4901.207743209498,,False,False,False,0.4285714285714285,0.01,0.42383826812901454,0.0,7.466406949916656e-53,7.10959196297476e-05
low_texture,15,125.07488042593177,3.3792425730821307,3.4848115223119365,13.35616083809418,11.355091916391428,5,2,0.4,8.881784197001252e-16,0.801147297008221,-0.4218965239673103,9784.903603360232,,False,False,False,0.4,0.006666666666666667,0.9999999999999991,0.0,0.009608017138255136,0.0019130243600084986
low_texture,16,115.84106326840048,3.37860226660154,3.832049556893885,-9.220623012339455,6.091990539196439,6,3,0.5,0.9060570906462224,1.1290010354569886,-7.481043782511432,4862.625152869431,,False,False,False,0.5,0.01,0.4041144736064194,0.0,0.002097129157283657,0.00133481143228841
low_texture,17,199.96216886677485,3.376027406401967,4.131209578453102,-75.8298563363298,192.03878822572557,6,4,0.6666666666666666,2.035828576879471,1.0771778146399562,-19.889774725128703,196.21437793036696,,False,False,False,0.6666666666666666,0.013333333333333334,0.13057224852390312,9.058070133515904e-18,1.0845318025253127e-05,0.0004168579903031812
low_texture,18,188.9216317066033,3.3718117186201866,4.352720592633801,-74.97961063731975,181.66537283575585,6,2,0.3333333333333333,0.0,1.078433142597543,-18.70179376179865,207.58710791486192,,False,False,False,0.3333333333333333,0.006666666666666667,1.0,9.315644432695226e-19,1.919077702948037e-05,0.0005320788659088741
low_texture,19,96.15690309714674,3.366429561714206,4.47555968204356,-9.366072413912612,6.314325962139133,5,3,0.6,1.0367679344079084,1.108756614698989,-6.31478484032869,177.23403439676775,,False,False,False,0.6,0.01,0.3545989188028877,4.0331778296180304e-16,0.005395571088264462,0.0016292405672811712
low_texture,22,136.68477969088326,3.3495490701241835,4.210144599854232,-51.43845329595848,149.7864020537993,6,3,0.5,1.892684155138963,1.0314053133721222,-14.163251570620856,158.37260090591084,,False,False,False,0.5,0.01,0.15066685239042504,1.7536005312758446e-14,0.0004527950921751338,0.0008064508168378322
low_texture,23,92.8480385018284,3.3457845807083686,3.954201394159952,-24.904890387761952,-76.10538714813728,7,3,0.4285714285714285,2.579924046395948,1.1461468147328278,-0.9760581410619138,383.6844259233391,,False,False,False,0.4285714285714285,0.01,0.07577975955011822,4.716221631055577e-34,0.04010944308394779,0.0016709544602265384
low_texture,24,117.51919829726025,3.3437701974683023,3.6602695304596296,-41.31141294531927,132.5606736915905,5,4,0.8,1.3891814167086605,1.021809972202961,-12.278317637085546,436.67422178626464,,False,False,False,0.8,0.013333333333333334,0.24927927698711622,1.1774948538798073e-38,0.0014008591320568784,0.0013008339805986443
low_texture,25,105.31545895447192,3.343737945814084,3.3640691913586096,-36.03092867366052,119.8088204937051,6,4,0.6666666666666666,1.3862043165590934,1.016171654595026,-11.081178843702236,222.47745710965484,,False,False,False,0.6666666666666666,0.013333333333333334,0.2500225121537326,4.740821523815554e-20,0.002847154663665752,0.0014462638479411168
low_texture,26,50.21642780699788,3.34570164600494,3.1015702870888617,10.810635697135291,9.599364347786972,5,3,0.6,0.6493661021911039,0.9179035744846148,-0.3609214283515629,105.9495528607048,,False,False,False,0.6,0.01,0.52237680534311,6.27102838410658e-10,0.15051096120726432,0.003425631574756645
low_texture,28,48.33432814762167,3.354596217537932,2.7994547637428155,11.259892692435832,9.340677327710184,5,3,0.6,1.607959351244089,0.9206472672889014,-0.340712560740632,29.083215125986914,,False,False,False,0.6,0.01,0.20029593096010626,0.0029775840605892902,0.1613914693460102,0.05653450535621474
low_texture,29,37.67291770480971,3.360568459723808,2.7998216024048475,-48.46733946071869,36.9001568562796,6,3,0.5,1.771839607753966,1.025594919800693,-2.9584028420532187,73.2877660150551,,False,False,False,0.5,0.01,0.1700199309785177,4.308295920880892e-07,0.13742753807326508,0.008717055807864981
low_texture,30,105.18768342940815,3.366724927194497,2.9094551681533574,158.3532942254033,82.56497909343345,5,3,0.6,2.966315485631472,0.8332148468022562,-0.2622288197664805,267.1620635832644,,False,False,False,0.6,0.01,0.05149268678187332,6.23157752607476e-24,0.02281380543588881,0.0014778110424663613
low_texture,31,3.63140221881064,3.3723981482113743,3.1196486963961547,5.025594013982731,2.949134493758654,5,3,0.6,0.7090449363443461,0.9947789978580625,-0.1501053206524434,381.3162308271918,,False,False,False,0.6,0.01,0.49211397326266176,7.573437021870233e-34,0.8354821928663576,0.004769038505982251
low_texture,34,5.249301616217145,3.3810340327338797,4.1145096427791685,5.701746906077842,4.663641458115672,5,3,0.6,0.94111379858158,0.9921444780944092,-0.0866682907114815,7.366102730129652,,False,False,False,0.6,0.01,0.3901929968357912,0.2291861906841234,0.8178593290099389,0.21303921628809927
low_texture,39,3.959823052276916,3.3613398832483483,5.057931995000772,5.480642995178097,4.459831920141633,5,3,0.6,0.9518998833101384,0.9945252262794092,-0.1083195977063367,7.065942852621223,,False,False,False,0.6,0.01,0.38600695817868136,0.24336605485920193,0.8487792797361347,0.21675056137432677
blur,1,0.0349824767550008,3.3596298388094543,3.918756592828664,3.3807239355473584,3.905480762089736,962,920,0.9563409563409564,0.0726089609175677,1.0000265513089237,-0.3499397128813965,,,False,False,False,0.9563409563409564,1.0,0.9299644113640178,4.5399929762484854e-05,0.8390366625381664,0.1276388964484946
blur,2,0.062235124222746,3.3537270089040123,3.8412592073737226,3.315885460749789,3.807294176598013,967,795,0.8221302998965874,0.0765694636629854,1.0001107742370836,-0.3505182089311762,,,False,False,False,0.8221302998965874,1.0,0.9262885686570459,4.5399929762484854e-05,0.8373823803599292,0.1236896018921833
blur,3,0.1482749910683,3.3484842683655085,3.667596803745639,3.28211983514617,3.581729396325089,941,761,0.8087141339001063,0.1090158638458934,1.0002624944145326,-0.3478865626278282,0.1311134106899341,,False,False,False,0.8087141339001063,1.0,0.8967161920179201,0.9741181467434267,0.835944980642354,0.9000111186488099
blur,4,0.0384257986997454,3.3444890398922364,3.4202495678550378,3.31496510180802,3.4093900961209087,971,817,0.8414006179196705,0.0702008435333207,1.000066424877,-0.35114522814692,0.085264076239353,,False,False,False,0.8414006179196705,1.0,0.9322065734409621,0.9830917610287043,0.8378626722776629,0.9163394357157539
blur,5,0.0463095330637971,3.3421914124350067,3.129809361968361,3.3341117925924437,3.136167912481432,994,895,0.9004024144869215,0.0687132686324091,1.0000565180162142,-0.3527684257192302,0.1018086791550171,,False,False,False,0.9004024144869215,1.0,0.9335943324839263,0.9798441644482622,0.8373488231551479,0.9283925707541762
blur,6,0.0634584702731719,3.3418545926570857,2.831611985674094,3.30709811420107,2.801124030741841,991,952,0.9606458123107972,0.0716562341760836,1.0001137627812997,-0.3499393896755545,0.0771537558283944,,False,False,False,0.9606458123107972,1.0,0.930850835520302,0.9846876928657026,0.8375747034983266,0.940920844724908
blur,7,0.053505879217132,3.3435259295369946,2.56184719525508,3.3113505558925924,2.55246776975391,994,949,0.954728370221328,0.0675272694897161,1.000086748869158,-0.3522305267108311,0.0918716021639475,,False,False,False,0.954728370221328,1.0,0.9347022314156032,0.9817934582151474,0.8370678357426118,0.9398678180593429
blur,8,0.0520930682226161,3.347031701903824,2.3535747142926446,3.310065355329007,2.3318551679371367,983,936,0.9521871820956256,0.0667243941851793,1.000089933596828,-0.3513961790450062,0.0285851762536743,,False,False,False,0.9521871820956256,1.0,0.9354529820935634,0.9942992758966893,0.8373637788903726,0.9419657623774631
blur,9,0.0650446263402909,3.351996242724628,2.2330848173868603,3.3245606997646324,2.186970843548234,983,938,0.9542217700915564,0.0743810321941151,1.000113955348796,-0.349260162880504,0.0773550101975604,,False,False,False,0.9542217700915564,1.0,0.9283179074344561,0.9846480591232637,0.8378559768809156,0.9392026082745628
blur,10,0.106808275998543,3.3578832948257933,2.217004136163986,3.300017211394625,2.1505385357823474,990,953,0.9626262626262626,0.085312294693989,1.0001903518205093,-0.3497277605811471,0.115264349980491,,False,False,False,0.9626262626262626,1.0,0.9182254826743348,0.9772108172753888,0.8363813961776615,0.9370438948203811
blur,11,0.078610012077136,3.364055045357865,2.310465298122196,3.307959698018134,2.2714856327592643,992,961,0.96875,0.0801717138785793,1.0001403311690222,-0.350983542380375,0.1606972794059641,,False,False,False,0.96875,1.0,0.9229578481069844,0.9683715275576452,0.8366928864234904,0.9375627283396438
blur,12,0.0507931954009471,3.369842340129516,2.5065418956497787,3.3241357861106837,2.509300310889096,994,969,0.9748490945674044,0.0709145649092169,1.0000706461952,-0.3533679821752006,0.1171572606272615,,False,False,False,0.9748490945674044,1.0,0.9315414750584461,0.9768409327436115,0.8368613569160146,0.9421572414271379
blur,13,0.0613784188847696,3.374618348187284,2.787010987276858,3.343374287166737,2.7725300634168755,998,977,0.9789579158316634,0.0708186619945908,1.000101663819999,-0.3520889421072387,0.0255989136451582,,False,False,False,0.9789579158316634,1.0,0.9316308168850016,0.99489330102039,0.8368774423658563,0.9464316327168445
blur,14,0.0555691677434174,3.377867567195601,3.12435919036696,3.354131294195628,3.1168450166156974,996,976,0.9799196787148594,0.0647969707173282,1.0000888824853482,-0.3521114204643,0.081527575143604,,False,False,False,0.9799196787148594,1.0,0.9372577348269924,0.9838267002930995,0.8370819693726709,0.9456865686857725
blur,15,0.0555635020795008,3.3792425730821307,3.4848115223119365,3.36722410032682,3.4543308649702418,998,977,0.9789579158316634,0.0710108743799914,1.000095026408229,-0.3490622608081904,0.007217522457218,,False,False,False,0.9789579158316634,1.0,0.9314517631121031,0.9985575368600393,0.8382561405068423,0.9474031967315875
blur,16,0.0583455411585076,3.37860226660154,3.832049556893885,3.3639709189407383,3.793564407790692,999,971,0.971971971971972,0.0757995192469605,1.000100050270908,-0.3489031130489813,0.0164391527719963,,False,False,False,0.971971971971972,1.0,0.9270020339971924,0.9967175684418622,0.8382386265226432,0.9447890306498906
blur,17,0.050443549602571,3.376027406401967,4.131209578453102,3.338831886416872,4.104584714698725,997,975,0.9779338014042126,0.0732973323253799,1.0000908804103117,-0.3503009890474907,0.0357068223267618,,False,False,False,0.9779338014042126,1.0,0.9293244707366372,0.992884074485567,0.8378065770295331,0.9455920845581828
blur,18,0.0675551788535562,3.3718117186201866,4.352720592633801,3.3462519420922554,4.294004354057069,1000,983,0.983,0.076869596671495,1.0001142834860688,-0.348688853661535,0.125884139481098,,False,False,False,0.983,1.0,0.9260106005979684,0.9751374652755742,0.8380898489291845,0.9425516973433915
blur,19,0.0932873262065658,3.366429561714206,4.47555968204356,3.333907174322131,4.39735674188105,999,979,0.97997997997998,0.0794535112229461,1.0001560668087852,-0.3468398013294113,0.0883075310067686,,False,False,False,0.97997997997998,1.0,0.9236209569793055,0.982493544050424,0.8381644193277328,0.94291812001785
blur,20,0.0325283143453498,3.360483706187281,4.4895663373948125,3.334736883958509,4.4655062975613005,999,981,0.981981981981982,0.068898965112116,1.0000574087469194,-0.3499900682035855,0.037587314959626,,False,False,False,0.981981981981982,1.0,0.9334209833985653,0.9925107224610694,0.8384979218935845,0.9472915325460579
blur,21,0.0424969567550159,3.35463897792971,4.3965609884211645,3.334288962371404,4.365196660567339,996,983,0.9869477911646586,0.0730529496146168,1.0000745504811592,-0.3495773854445597,0.1684640375213372,,False,False,False,0.9869477911646586,1.0,0.9295516093232156,0.966868473761328,0.8383834993142418,0.9424874190233905
blur,22,0.0412306213879559,3.3495490701241835,4.210144599854232,3.357400718755177,4.162434029132583,999,981,0.981981981981982,0.0690539780650958,1.0000407740132922,-0.3466754391696336,0.1051269446715585,,False,False,False,0.981981981981982,1.0,0.9332763022695696,0.97919410355909,0.8401681881272478,0.945082575464796
blur,23,0.0663658490131134,3.3457845807083686,3.954201394159952,3.3303964525291465,3.897284097636851,999,987,0.987987987987988,0.0751888771958372,1.0001053046772492,-0.346968314288878,0.0800236898119838,,False,False,False,0.987987987987988,1.0,0.9275682732877937,0.984122657308095,0.8389617699134366,0.9457531367109047
blur,24,0.0632148766046895,3.3437701974683023,3.6602695304596296,3.3333402509583494,3.6162034141205375,999,983,0.983983983983984,0.0734257611687463,1.0001035635091096,-0.3477077331325473,0.0339216072221714,,False,False,False,0.983983983983984,1.0,0.9292051263335441,0.9932386401087668,0.8386808573018464,0.9470000299941158
blur,25,0.0256086928062878,3.343737945814084,3.3640691913586096,3.3445082734247635,3.358108958929302,999,984,0.984984984984985,0.0673471683642568,1.000039376962604,-0.3500770199852283,0.0244132044931994,,False,False,False,0.984984984984985,1.0,0.9348705874995554,0.9951292598155829,0.8387638872623114,0.9487243891738906
blur,26,0.0534860985343083,3.34570164600494,3.1015702870888617,3.325869236095709,3.0866024904682923,999,989,0.98998998998999,0.0718354591443941,1.0000881151569958,-0.3515318047632514,0.0326855153485332,,False,False,False,0.98998998998999,1.0,0.9306840187581151,0.9934842173054381,0.8373374464745376,0.9481977253557656
blur,27,0.0832920038979771,3.349455391731155,2.905032668108987,3.30773973474135,2.856557429153211,995,986,0.9909547738693468,0.0808791626751466,1.0001481991666523,-0.3499140206605778,0.0414645379743939,,False,False,False,0.9909547738693468,1.0,0.922305133596329,0.9917413837063073,0.8370087336698027,0.9462619501288031
blur,28,0.0263979545172913,3.354596217537932,2.7994547637428155,3.3573624968391886,2.7636695073653748,995,989,0.9939698492462312,0.0667425711035016,1.0000216255665304,-0.3476696399638136,0.1529785936861495,,False,False,False,0.9939698492462312,1.0,0.9354359785956496,0.9698675931227743,0.8400722939382131,0.9459828827841156
blur,29,0.0379351411642021,3.360568459723808,2.7998216024048475,3.36323569306194,2.7545051549505164,999,987,0.987987987987988,0.071311005361678,1.0000393591041563,-0.3469335620855268,0.0944651289249663,,False,False,False,0.987987987987988,1.0,0.931172247527788,0.9812843287491174,0.8400835333414813,0.9461931610668811
blur,30,0.0209004554725702,3.366724927194497,2.9094551681533574,3.3827418815468406,2.901511059207467,1000,991,0.991,0.0685250058620645,0.9999687296214452,-0.3494578118228335,0.1567641781369665,,False,False,False,0.991,1.0,0.9337701100850077,0.969133567893312,0.8391596343086519,0.9447314404476259
blur,31,0.0773032654278165,3.3723981482113743,3.1196486963961547,3.350844220781301,3.0589578300234974,1000,990,0.99,0.075143779989578,1.0001301731371546,-0.3477596357865419,0.0524534785525854,,False,False,False,0.99,1.0,0.9276101049687726,0.989564139716284,0.8382129354457556,0.9470214036210943
blur,32,0.0264385321895971,3.376973849756624,3.410625167713249,3.408874662553277,3.392832933549074,997,988,0.9909729187562688,0.0643071214604678,0.999989995719832,-0.3477953509267117,0.198025301940606,,False,False,False,0.9909729187562688,1.0,0.9377169622988193,0.9611689679010544,0.8402147525117423,0.9442015745907053
blur,33,0.0621642906174232,3.3799585804587906,3.753714482939273,3.3719242935707947,3.710772750963348,1000,992,0.992,0.0753215635378164,1.0000975520599742,-0.3471075452351158,0.0963082953593473,,False,False,False,0.992,1.0,0.9274452058115423,0.9809226613470677,0.8390334380512829,0.945894704081325
blur,34,0.0502046969242904,3.3810340327338797,4.1145096427791685,3.3929763035630454,4.065947153575475,998,991,0.9929859719438878,0.0734386170276392,1.0000485935087189,-0.3457652286034661,0.0689252515525679,,False,False,False,0.9929859719438878,1.0,0.9291931806803434,0.9863095284059512,0.8404192026431141,0.9477890012353178
blur,35,0.0770345229383566,3.380092084027368,4.456654480426423,3.365671238725531,4.38015021716931,998,995,0.996993987975952,0.0780581938775519,1.0001090782041957,-0.34519157765955,0.0633802596006311,,False,False,False,0.996993987975952,1.0,0.9249106008431395,0.9874039508295631,0.8396440441312125,0.9477122052486638
blur,36,0.0405370125595649,3.377246699605905,4.745845970446055,3.3747100527754603,4.6974125362185895,996,990,0.993975903614458,0.0741569992348758,1.0000529629503905,-0.3476687112729267,0.0364724084278351,,False,False,False,0.993975903614458,1.0,0.9285259045406071,0.992732058474518,0.8395463550026354,0.9488756929171889
blur,37,0.0729998002987554,3.3728213865648518,4.953610515315646,3.423877543793694,4.876560283397537,1000,998,0.998,0.0691674219077625,0.9999932275647312,-0.3425475954515623,0.1438260952614362,,False,False,False,0.998,1.0,0.9331704338247455,0.971644561320106,0.8424767219335277,0.9471774917154141
blur,38,0.0624356589629155,3.3673135801909666,5.060438492939383,3.382139025175802,4.982539473526395,1000,997,0.997,0.071604226345382,1.0000498619246296,-0.344490023487684,0.1166942172035771,,False,False,False,0.997,1.0,0.9308992483118754,0.9769314008865932,0.8409338946444153,0.947206681587604
blur,39,0.0399032340223055,3.3613398832483483,5.057931995000772,3.3874273556500283,5.009229658513636,999,998,0.998998998998999,0.0700620668584764,1.000005636166017,-0.3460553771941421,0.0921860665821049,,False,False,False,0.998998998998999,1.0,0.9323359509465747,0.9817317123351383,0.8410195176578155,0.9488275269055151
foreground,1,4.793504604940248,3.3596298388094543,3.918756592828664,4.068240667689599,6.091459934670249,984,309,0.3140243902439024,3.793124743082759,0.9995917926509432,-0.7781221214791239,,0.5080906148867314,False,False,False,0.3140243902439024,1.0,0.022525106597674326,4.5399929762484854e-05,0.6721815074841434,0.046433818068088765
foreground,2,1.8130317999218493,3.3537270089040123,3.8412592073737226,0.606299357078725,3.493384933180685,1000,293,0.293,2.2831205584199026,1.0020958124864634,-0.4263488280143559,,0.4027303754266211,False,False,False,0.293,0.9766666666666667,0.10196552037133645,4.5399929762484854e-05,0.774880232166066,0.06342659798443978
foreground,3,0.6621929855731024,3.3484842683655085,3.667596803745639,2.708740285358177,2.864963623993878,983,302,0.3072227873855544,1.3561183355701805,1.0009331335242708,-0.337032666853806,5.902701531339697,0.3079470198675497,False,False,False,0.3072227873855544,1.0,0.25765898406113946,0.3071127588166574,0.8293024925324193,0.4580384211966473
foreground,4,0.8301791505525865,3.3444890398922364,3.4202495678550378,2.4219228453307013,4.260808181119106,871,244,0.2801377726750861,2.013688227235109,1.000138356534645,-0.4051633928436066,3.1314865236881837,0.3565573770491803,False,False,False,0.2801377726750861,0.8133333333333334,0.13349540419565586,0.5345674815595635,0.8143633507714189,0.4211002148005691
foreground,5,1.5297839875200605,3.3421914124350067,3.129809361968361,4.2307160986381405,4.073239342372125,874,277,0.3169336384439359,1.9531472254006432,0.9979066254961516,-0.2761806838840548,2.626553285248028,0.2129963898916967,False,False,False,0.3169336384439359,0.9233333333333333,0.14182700689026306,0.591371622064541,0.8352687785559164,0.45957299738221147
foreground,6,1.4233437042298407,3.3418545926570857,2.831611985674094,3.690302906105527,3.457256994618371,941,235,0.2497343251859723,1.6415555737415617,0.997599948072793,-0.3862450113008726,2.387950807675055,0.2808510638297872,False,False,False,0.2497343251859723,0.7833333333333333,0.19367852660645873,0.6202763580063887,0.7856992141283619,0.45005912675964876
foreground,7,1.66515380330857,3.3435259295369946,2.56184719525508,4.93954785377364,3.528079366835621,862,204,0.2366589327146171,2.014883315238622,0.9994615202753828,-0.315481460257277,1.9169186164678915,0.3284313725490196,False,False,False,0.2366589327146171,0.68,0.13333596073303913,0.6815513219845338,0.8449200890517298,0.4153159993500488
foreground,8,1.2099964487401844,3.347031701903824,2.3535747142926446,3.1202933749695925,0.9021152601808742,750,228,0.304,1.795044647132244,1.0011729534346585,-0.2447467998541471,4.085137212247197,0.2017543859649122,False,False,False,0.304,0.76,0.1661200353980727,0.44174281072430666,0.8643143708804051,0.4297244684140496
foreground,9,1.0869522454274687,3.351996242724628,2.2330848173868603,4.776362697185498,2.809707248423111,857,258,0.3010501750291715,1.5781384405149497,0.9981082307616188,-0.3390576565922601,5.712355590079575,0.2131782945736434,False,False,False,0.3010501750291715,0.86,0.2063588902176289,0.31902968694114436,0.8126944696372516,0.4249166845524224
foreground,10,1.409468842099142,3.3578832948257933,2.217004136163986,3.580587934197042,0.9986932193089364,835,175,0.2095808383233532,1.302564039999787,1.0010167275551864,-0.2158936884013297,4.686261345532749,0.1428571428571428,False,False,False,0.2095808383233532,0.5833333333333334,0.2718339057033187,0.3917026515061034,0.879614914047762,0.40903852871267393
foreground,11,1.544872442161151,3.364055045357865,2.310465298122196,1.4927675839667844,3.4025903788863348,924,148,0.1601731601731601,1.9700238546800184,1.0018660382100666,-0.4019937316330286,4.308273628528598,0.3175675675675675,False,False,False,0.1601731601731601,0.49333333333333335,0.1394535295560479,0.42246244415671763,0.7879797776852819,0.3257561165636072
foreground,12,0.8924578262793279,3.369842340129516,2.5065418956497787,3.6126849789497486,1.8483289295417136,933,218,0.2336548767416934,1.5820198555133458,0.9997909561559978,-0.2612568269300643,5.776856974677108,0.2385321100917431,False,False,False,0.2336548767416934,0.7266666666666667,0.20555947815469175,0.31494054785575565,0.8738821717037084,0.3949169830929304
foreground,13,2.607875846640817,3.374618348187284,2.787010987276858,6.205765134088455,0.9397029374785474,838,219,0.2613365155131265,2.344828105578771,1.000038422352848,-0.1568863281302709,0.8004549589434966,0.4246575342465753,False,False,False,0.2613365155131265,0.73,0.09586367914594823,0.8520662544061819,0.9238444216454249,0.4282031434192011
foreground,14,4.62018647777988,3.377867567195601,3.12435919036696,-0.7458759679199285,5.400506404516198,820,191,0.2329268292682927,3.038686327004893,1.006732298562687,-0.5166659305725323,10.951368708654424,0.4397905759162304,False,False,False,0.2329268292682927,0.6366666666666667,0.04789777019004388,0.11188611652567951,0.6753476240328175,0.22179415656361343
foreground,15,7.204551289300996,3.3792425730821307,3.4848115223119365,2.46984306970867,-1.3776812295107363,784,136,0.173469387755102,3.3699760197949127,1.0118674338054572,-0.1257245496005884,15.1555314383524,0.6838235294117647,False,False,False,0.173469387755102,0.4533333333333333,0.03439046202391705,0.04826221668650593,0.7416976228638064,0.1574644542883638
foreground,16,2.4203278444583263,3.37860226660154,3.832049556893885,6.952199371957148,2.499232431096628,833,190,0.2280912364945978,2.2318704975391404,0.9969147906135956,-0.2195081739996775,10.730123650687409,0.3526315789473684,False,False,False,0.2280912364945978,0.6333333333333333,0.10732748646274912,0.11694813534236721,0.8423550692951018,0.2733934339488091
foreground,17,1.3872619865615408,3.376027406401967,4.131209578453102,2.629368543795039,5.298652013505594,829,217,0.2617611580217129,2.164378097076315,1.0013386225407626,-0.3900004302379671,8.870868835131137,0.4285714285714285,False,False,False,0.2617611580217129,0.7233333333333334,0.11482132011222691,0.16962354017975542,0.8011118026569205,0.3119529480978535
foreground,18,5.088378110912894,3.3718117186201866,4.352720592633801,9.9431697343881,6.267734166367148,757,165,0.2179656538969616,2.773270494962846,0.9910245011195676,-0.339758350834478,11.77970032920703,0.5272727272727272,False,False,False,0.2179656538969616,0.55,0.062457403726946935,0.09480434230724727,0.7045474466544712,0.21868280269748358
foreground,19,1.3313490962001715,3.366429561714206,4.47555968204356,2.542341722294675,6.296761705313148,956,114,0.1192468619246862,1.7463880255268107,0.999835934237463,-0.4796724014435158,14.74462665684343,0.4473684210526316,False,False,False,0.1192468619246862,0.38,0.1744027454229991,0.05239598402331188,0.7841791436519735,0.20058545238482786
foreground,20,1.5678761426925014,3.360483706187281,4.4895663373948125,5.693957918343319,4.167843838524673,869,179,0.2059838895281933,1.9610198388262556,0.997567894875209,-0.2974946147773581,10.770831311467171,0.3910614525139664,False,False,False,0.2059838895281933,0.5966666666666667,0.14071484126088513,0.11599986376763124,0.8208222827605463,0.27753790810648643
foreground,21,1.929218519087556,3.35463897792971,4.3965609884211645,4.9424861694860445,2.7181305892954923,803,202,0.2515566625155666,2.1571413853695613,0.9979552980902284,-0.2042824389388258,3.961743860749173,0.4059405940594059,False,False,False,0.2515566625155666,0.6733333333333333,0.11565526276548749,0.45278006815704314,0.866687224971205,0.3777080203329363
foreground,22,3.110665430153742,3.3495490701241835,4.210144599854232,1.864565203302904,2.581019979313224,862,186,0.2157772621809744,2.2010339286636897,1.005454743528061,-0.3820013901299467,2.671196669912961,0.2849462365591398,False,False,False,0.2157772621809744,0.62,0.11068865500522763,0.5861149583520874,0.740967065301595,0.364465510904353
foreground,23,1.3761915027309684,3.3457845807083686,3.954201394159952,4.146037991495716,3.859350615212583,672,229,0.3407738095238095,1.83051938992542,0.999726043824994,-0.2200104287071163,5.5431557198934,0.1965065502183406,False,False,False,0.3407738095238095,0.7633333333333333,0.16033027221747895,0.33001038874268807,0.890933857288763,0.4146806860596429
foreground,24,0.9740890259883824,3.3437701974683023,3.6602695304596296,2.859683814953839,4.344180372732677,974,229,0.2351129363449692,1.057703215361192,1.000932607443177,-0.4262424255070457,3.6550010799282417,0.1921397379912663,False,False,False,0.2351129363449692,0.7633333333333333,0.3472524592285174,0.48142721799292815,0.793132749709048,0.47348096187471256
foreground,25,0.5944937311223422,3.343737945814084,3.3640691913586096,2.4075002664814877,3.448953648610458,806,170,0.2109181141439206,0.6721419548382137,1.000625240834889,-0.3707361193810934,1.6125745034747596,0.2058823529411764,False,False,False,0.2109181141439206,0.5666666666666667,0.5106136941368703,0.7243251387785652,0.8204773542630495,0.5151181261420646
foreground,26,1.9855278879664275,3.34570164600494,3.1015702870888617,5.5091514255196925,3.7462749571299088,882,213,0.2414965986394557,1.7873233071818615,0.9964367659673178,-0.3239916209170108,3.748587992626579,0.3896713615023474,False,False,False,0.2414965986394557,0.71,0.16740766939657692,0.47249996858962984,0.7918464676829773,0.4038289939349996
foreground,27,1.7778519424488597,3.349455391731155,2.905032668108987,2.363409550714876,4.031620425620192,985,322,0.3269035532994924,1.405370745879882,1.001367434701905,-0.5124951226454859,6.247404512279859,0.2360248447204969,False,False,False,0.3269035532994924,1.0,0.24527610448876241,0.2866535594043877,0.7530847003730134,0.4442784099993265
foreground,28,1.931697331801096,3.354596217537932,2.7994547637428155,2.7435542373564905,1.727260962486258,933,302,0.3236870310825295,1.361931505311034,1.0030346301441646,-0.2576059795970952,4.374751156016457,0.195364238410596,False,False,False,0.3236870310825295,1.0,0.2561655137554585,0.4168827669158995,0.8274524060243847,0.49122514045541543
foreground,29,0.8501514556173472,3.360568459723808,2.7998216024048475,4.120003665289159,3.1549578257089257,823,254,0.3086269744835966,1.1628891131745354,0.9987110997160202,-0.383687516964678,3.86275388299816,0.3031496062992126,False,False,False,0.3086269744835966,0.8466666666666667,0.31258179089896754,0.4618335304196335,0.8044162731716005,0.497067382088711
foreground,30,0.962412048804916,3.366724927194497,2.9094551681533574,2.2979337103347763,3.243156948056248,863,196,0.2271147161066048,0.9426022829889952,1.0001964484606611,-0.426898412748525,3.467676519013029,0.2397959183673469,False,False,False,0.2271147161066048,0.6533333333333333,0.3896126326827686,0.4998059760337109,0.8046259324734639,0.4712829393877376
foreground,31,0.8950313850549417,3.3723981482113743,3.1196486963961547,4.186746134428797,3.208738288686602,827,169,0.2043530834340991,1.1081503908383106,0.9985457834568838,-0.308667551952842,3.712907641125097,0.2781065088757396,False,False,False,0.2043530834340991,0.5633333333333334,0.33016908041613435,0.4758838209266667,0.8324024219895205,0.43205940580978947
foreground,32,2.0948017705299105,3.376973849756624,3.410625167713249,3.882113515220163,4.47117821900614,931,268,0.2878625134264232,1.8970793433092303,0.9977703325459516,-0.5119296617649332,2.548145082141048,0.4029850746268656,False,False,False,0.2878625134264232,0.8933333333333333,0.15000609636037965,0.6007183941347947,0.7403679636803469,0.4434914198977727
foreground,33,2.863433105648593,3.3799585804587906,3.753714482939273,-0.0139072893141002,6.19173240949765,931,205,0.2201933404940923,2.27257591500502,1.0025456322528337,-0.5947914732285183,3.620488609714085,0.2634146341463415,False,False,False,0.2201933404940923,0.6833333333333333,0.10304639914973215,0.4847617615914866,0.7059268286484125,0.350712729909793
foreground,34,1.1037386686373616,3.3810340327338797,4.1145096427791685,3.2748312467920884,2.897764764631612,991,191,0.1927346115035318,1.1463000602231328,1.0011683811563117,-0.2572357554181945,8.761632040904129,0.3036649214659686,False,False,False,0.1927346115035318,0.6366666666666667,0.3178104763404738,0.1733701442098354,0.8590124527417861,0.35711061604787003
foreground,35,0.5750941255554788,3.380092084027368,4.456654480426423,3.821543762454998,4.227038091634965,936,116,0.1239316239316239,0.931546758053522,1.0002801277756843,-0.3005605833883942,5.375226858539074,0.3275862068965517,False,False,False,0.1239316239316239,0.38666666666666666,0.393943902976365,0.3412822703902534,0.8556600987146881,0.35340578408587614
foreground,36,1.0128501631225806,3.377246699605905,4.745845970446055,2.0099880382649777,5.261776816836126,692,120,0.1734104046242774,1.376373103702772,1.0006721798820717,-0.3842363685215411,2.37658993576044,0.2833333333333333,False,False,False,0.1734104046242774,0.4,0.25249265906411117,0.6216873364448678,0.8141934678993192,0.38863034376911104
foreground,37,0.6537934846199971,3.3728213865648518,4.953610515315646,4.001410791110689,5.014620353759662,943,149,0.1580063626723223,1.6624428515549805,0.9996065587659896,-0.296241231087966,4.013215739344988,0.3020134228187919,False,False,False,0.1580063626723223,0.49666666666666665,0.18967506566606882,0.4481428893991839,0.8555669002000768,0.3558640060171519
foreground,38,3.184142144796045,3.3673135801909666,5.060438492939383,4.130655245750947,4.709975668498842,893,180,0.2015677491601343,2.916571936849982,0.9995066660698754,-0.0506594362785422,1.863065460470264,0.2833333333333333,False,False,False,0.2015677491601343,0.6,0.054118892652785064,0.6889317344195528,0.9654134427379009,0.3371026340886646
foreground,39,0.2981355290307887,3.3613398832483483,5.057931995000772,3.7393153758535296,4.92190276247022,756,108,0.1428571428571428,0.8592444758255484,0.9997055843478924,-0.3457478741392279,0.7333856025676163,0.2037037037037037,False,False,False,0.1428571428571428,0.36,0.42348191230508103,0.8635727623369701,0.836303982057748,0.43585344737868326
repetitive,1,0.0121176753777967,3.3596298388094543,3.918756592828664,3.3606915893114584,3.906770578363351,752,658,0.875,0.0191572722712644,1.0000170753317592,-0.3494864374033073,,,False,False,False,0.875,1.0,0.9810250620698757,4.5399929762484854e-05,0.8393859029505927,0.12674796682557093
repetitive,2,0.0349699230893896,3.3537270089040123,3.8412592073737226,3.3258420239927844,3.850554292794154,814,594,0.7297297297297297,0.0255858865851284,1.000041949651008,-0.3527116007296679,,,False,False,False,0.7297297297297297,1.0,0.9747386583957933,4.5399929762484854e-05,0.8376166211961475,0.12201975247729692
repetitive,3,0.1486604424799004,3.3484842683655085,3.667596803745639,3.2779577244525906,3.5880830492181386,851,596,0.700352526439483,0.0939294468079141,1.0002644607548163,-0.3498158766901399,0.2066664268782431,,False,False,False,0.700352526439483,1.0,0.9103469878609785,0.9595092862382418,0.835106135212608,0.8743048814255133
repetitive,4,0.0675673253347524,3.3444890398922364,3.4202495678550378,3.326399873019437,3.3636391687575267,932,642,0.6888412017167382,0.0464683616882383,1.000111970399787,-0.347770060053343,0.1035609238585151,,False,False,False,0.6888412017167382,1.0,0.9545947618588907,0.9795008392612684,0.8385137389860455,0.8840780980620729
repetitive,5,0.028265067695727,3.3421914124350067,3.129809361968361,3.33762999797956,3.1080614911656093,940,675,0.7180851063829787,0.0271742449449468,1.000046939862928,-0.3492781583362682,0.0485185327964551,,False,False,False,0.7180851063829787,1.0,0.9731916530237926,0.9903432224833153,0.8389720769682343,0.8969774128066635
repetitive,6,0.0804382258049459,3.3418545926570857,2.831611985674094,3.303559274440173,2.8002966011238537,936,654,0.6987179487179487,0.0508065453605811,1.0001381664977451,-0.3517324330077174,0.0691062371863788,,False,False,False,0.6987179487179487,1.0,0.9504625241330749,0.9862738274810641,0.8364158548241524,0.8866073605768625
repetitive,7,0.0695694745375598,3.3435259295369946,2.56184719525508,3.320496828869397,2.5142506845828647,939,674,0.7177848775292864,0.0442836386312829,1.0001207913010912,-0.3492136889900131,0.0554396810168502,,False,False,False,0.7177848775292864,1.0,0.9566825668525998,0.9889733083935277,0.837760914061553,0.8933329765312326
repetitive,8,0.0763218585777774,3.347031701903824,2.3535747142926446,3.3204463773288437,2.29914762121962,927,681,0.7346278317152104,0.0427930790219893,1.0001323254131138,-0.3486435972501694,0.0729484802023189,,False,False,False,0.7346278317152104,1.0,0.958109622537232,0.9855162178652824,0.8378064834799189,0.8971354425738952
repetitive,9,0.0438664506381221,3.351996242724628,2.2330848173868603,3.345781017977661,2.192477314986313,902,648,0.7184035476718403,0.029440085490087,1.0000675380773614,-0.3479693692328782,0.1113645622460897,,False,False,False,0.7184035476718403,1.0,0.9709890522316211,0.9779732975396805,0.8391755136326914,0.8944426926458181
repetitive,10,0.0647472534739799,3.3578832948257933,2.217004136163986,3.3301173314226507,2.1823087954893543,918,631,0.6873638344226579,0.0411104601478266,1.0001132406668949,-0.3505068562693581,0.1048496908761285,,False,False,False,0.6873638344226579,1.0,0.9597231129356518,0.9792484021208592,0.8373458321458634,0.8843538550415542
repetitive,11,0.0526358565850519,3.364055045357865,2.310465298122196,3.3466393143957927,2.272431776588761,938,683,0.7281449893390192,0.0339255641018093,1.000090574736493,-0.3487815712411716,0.1053294945152882,,False,False,False,0.7281449893390192,1.0,0.9666434549334291,0.9791544372400047,0.8384484333336997,0.8961121108199208
repetitive,12,0.0670997009024084,3.369842340129516,2.5065418956497787,3.3500826603114664,2.458960047823971,946,695,0.7346723044397463,0.0391416193607393,1.0001149369344384,-0.3484070054375106,0.0972883894072123,,False,False,False,0.7346723044397463,1.0,0.9616145162697485,0.980730400898655,0.8381970111337556,0.8970116529264065
repetitive,13,0.0530591990288517,3.374618348187284,2.787010987276858,3.3609325785321524,2.745974586354344,928,669,0.7209051724137931,0.0337334327321394,1.0000887284568594,-0.3483071117387971,0.1007588568227349,,False,False,False,0.7209051724137931,1.0,0.9668291953071128,0.9800499185052255,0.8386783271883599,0.8945699449647665
repetitive,14,0.0773534015780109,3.377867567195601,3.12435919036696,3.347083218761477,3.07844485579262,936,723,0.7724358974358975,0.0455998830296415,1.0001363657543942,-0.3494678370150481,0.0517327537027192,,False,False,False,0.7724358974358975,1.0,0.9554241671454369,0.9897067906904532,0.8373936171446154,0.906356332620855
repetitive,15,0.0493306620595335,3.3792425730821307,3.4848115223119365,3.362112676356012,3.4516333783578057,936,719,0.7681623931623932,0.0336916460462514,1.0000859155844444,-0.3492363911298378,0.0499195575913916,,False,False,False,0.7681623931623932,1.0,0.9668695967391194,0.9900657622759544,0.8383358916566446,0.9077799986692322
repetitive,16,0.0558799916413119,3.37860226660154,3.832049556893885,3.36025520508915,3.795113714400644,947,741,0.7824709609292503,0.0366946312606554,1.0000969252103782,-0.3489274040722327,0.0341722798890631,,False,False,False,0.7824709609292503,1.0,0.9639704568516474,0.9931888458012292,0.8382808325177489,0.9111516469629021
repetitive,17,0.075665167315385,3.376027406401967,4.131209578453102,3.333929348513032,4.098598725660327,936,715,0.7638888888888888,0.0457103932258099,1.000133610695035,-0.3510543166935776,0.0468863293951691,,False,False,False,0.7638888888888888,1.0,0.9553185888671472,0.9906665635715219,0.8367757263959695,0.9043634460226804
repetitive,18,0.0758392986899556,3.3718117186201866,4.352720592633801,3.3267101744930505,4.325460898729999,926,703,0.7591792656587473,0.0454773504457103,1.0001355346561678,-0.3505222129329022,0.0789691373296774,,False,False,False,0.7591792656587473,1.0,0.9555412449101616,0.9843302409963466,0.8369661796750111,0.9021702519579101
repetitive,19,0.0689765784164614,3.366429561714206,4.47555968204356,3.330813428443609,4.442400455518645,949,710,0.7481559536354057,0.0439875482609171,1.0001231886235555,-0.3500843595214369,0.1105042032920632,,False,False,False,0.7481559536354057,1.0,0.9569658732882257,0.978141593635438,0.8373561422458036,0.8987524862606067
repetitive,20,0.0706214351197343,3.360483706187281,4.4895663373948125,3.319043942469563,4.46376540546814,948,737,0.7774261603375527,0.0442768175704206,1.0001227646692692,-0.3515975739932931,0.0968836897788926,,False,False,False,0.7774261603375527,1.0,0.95668909246487,0.9808097843570024,0.8367299259455722,0.9059829255800117
repetitive,21,0.0716196871689159,3.35463897792971,4.3965609884211645,3.316376626793243,4.362268087409735,940,778,0.8276595744680851,0.0445415911309725,1.0001268856429957,-0.3507066007055996,0.1231989707918601,,False,False,False,0.8276595744680851,1.0,0.9564358200189201,0.975661287636017,0.8370337788762275,0.9164524293691545
repetitive,22,0.0916276010812874,3.3495490701241835,4.210144599854232,3.302603573688784,4.158440419674156,952,771,0.8098739495798319,0.0518555146644723,1.0001636818537964,-0.349573084272285,0.1029312288320488,,False,False,False,0.8098739495798319,1.0,0.9494660408523192,0.9796242043907267,0.8368922826622401,0.9118537472760194
repetitive,23,0.0794243041363905,3.3457845807083686,3.954201394159952,3.305907665033633,3.912575491666503,955,782,0.818848167539267,0.0486592607329004,1.0001416614864194,-0.3499818420512807,0.0453735618364331,,False,False,False,0.818848167539267,1.0,0.9525056304807241,0.9909663385660029,0.8370897800950892,0.9166011020117479
repetitive,24,0.0692622967292383,3.3437701974683023,3.6602695304596296,3.312787080481618,3.615196842878431,950,757,0.7968421052631579,0.0413289648523827,1.0001224044577477,-0.3492082302938407,0.0516376449025845,,False,False,False,0.7968421052631579,1.0,0.9595134318293925,0.9897256168345754,0.8377361754623089,0.9128703107071229
repetitive,25,0.0841746439812893,3.343737945814084,3.3640691913586096,3.2966718096127656,3.32295294132089,925,723,0.7816216216216216,0.0508907778070008,1.000147370026626,-0.3513731982258013,0.0235610107578425,,False,False,False,0.7816216216216216,1.0,0.950382467721158,0.9952988828545585,0.8364121520938219,0.908351141376497
repetitive,26,0.0706372732738925,3.34570164600494,3.1015702870888617,3.3081475993859835,3.065492970858768,941,727,0.7725823591923485,0.041855305171932,1.0001244567525802,-0.3508190567392681,0.0443980685368769,,False,False,False,0.7725823591923485,1.0,0.9590085341087415,0.9911596936317181,0.8370273703085018,0.9072565458277121
repetitive,27,0.1210021950457149,3.349455391731155,2.905032668108987,3.2684098990847774,2.875686054091735,949,760,0.8008429926238145,0.0723291813818334,1.0002009707727106,-0.3546191675697103,0.0848513832525654,,False,False,False,0.8008429926238145,1.0,0.9302246327758941,0.9831729073925408,0.834161212118894,0.9061561074505283
repetitive,28,0.0725576998599031,3.354596217537932,2.7994547637428155,3.309361855909127,2.774007305196529,952,773,0.8119747899159664,0.0428867268523217,1.0001241323362011,-0.3520930265679496,0.1194880527060536,,False,False,False,0.8119747899159664,1.0,0.958019901851,0.9763856762410249,0.8364997930690644,0.9132735141164695
repetitive,29,0.1078122117884036,3.360568459723808,2.7998216024048475,3.2854573752758083,2.77483627372336,948,749,0.790084388185654,0.0635411675266994,1.0001804599119464,-0.3539996559872517,0.121302059383906,,False,False,False,0.790084388185654,1.0,0.9384354854375367,0.9760315064641716,0.834761936630069,0.9041091725820265
repetitive,30,0.1025864001455116,3.366724927194497,2.9094551681533574,3.292427911402126,2.893213792666451,959,707,0.7372262773722628,0.0576239976828211,1.0001663916247236,-0.3545470258162699,0.1215357081884655,,False,False,False,0.7372262773722628,1.0,0.9440048287175514,0.9759858978108811,0.8347683075928255,0.8927233688896182
repetitive,31,0.0660690231813527,3.3723981482113743,3.1196486963961547,3.332217211828692,3.0786117875786005,945,717,0.7587301587301587,0.0379791815518054,1.000118239481684,-0.3499045695152734,0.0746244965766228,,False,False,False,0.7587301587301587,1.0,0.9627329832893108,0.9851859249623496,0.8375143051969705,0.9036926001756193
repetitive,32,0.1030802184405639,3.376973849756624,3.410625167713249,3.314132654661392,3.422114690285598,950,725,0.7631578947368421,0.0641540697956419,1.0001363474534843,-0.3569891868974985,0.1683643230070209,,False,False,False,0.7631578947368421,1.0,0.9378604924245167,0.9668877561176542,0.8342506713392661,0.8959526403528707
repetitive,33,0.0822637573403972,3.3799585804587906,3.753714482939273,3.325466242562042,3.743150179496622,934,722,0.7730192719486081,0.0485632952440645,1.0001337740905518,-0.3535001456178013,0.0370163737883393,,False,False,False,0.7730192719486081,1.0,0.9525970425353032,0.9926240619788453,0.8357503159144849,0.9061334853180616
repetitive,34,0.083757907995015,3.3810340327338797,4.1145096427791685,3.328313854084486,4.082428557609537,929,721,0.7761033369214209,0.0504109953315145,1.0001474449138643,-0.3516055083812923,0.0201200097062162,,False,False,False,0.7761033369214209,1.0,0.9508385539765274,0.9959840835056478,0.8363137518166159,0.9072554672054719
repetitive,35,0.0986785619015591,3.380092084027368,4.456654480426423,3.313476833029461,4.418782343193503,947,751,0.7930306230200633,0.0537087665379024,1.0001735458667316,-0.3520704274863941,0.0179248283355918,,False,False,False,0.7930306230200633,1.0,0.9477080706173191,0.9964214526501923,0.8356830789542752,0.9105207406094006
repetitive,36,0.0884430997423817,3.377246699605905,4.745845970446055,3.3169845020924305,4.721440497112308,934,766,0.8201284796573876,0.0523644888197603,1.000147882292025,-0.3532421147284632,0.038365651940758,,False,False,False,0.8201284796573876,1.0,0.9489829101371554,0.992356232925981,0.835622364937064,0.9161436765802778
repetitive,37,0.095558976872562,3.3728213865648518,4.953610515315646,3.3030180459101244,4.9342348360466,941,779,0.8278427205100957,0.0563181777494575,1.0001552265580709,-0.3541921161475551,0.0915469840937337,,False,False,False,0.8278427205100957,1.0,0.9452383342328495,0.98185720186391,0.8351028832008128,0.9150724803761231
repetitive,38,0.1183628826396478,3.3673135801909666,5.060438492939383,3.2807973830232364,5.061157329710378,946,791,0.8361522198731501,0.0674161782694588,1.0001743815762656,-0.3569743408396265,0.0862676401583181,,False,False,False,0.8361522198731501,1.0,0.9348060743949832,0.9828944617455309,0.8336225992789439,0.9147378467008234
repetitive,39,0.1063241761743699,3.3613398832483483,5.057931995000772,3.2837761552120543,5.03098042467277,952,788,0.8277310924369747,0.0616126599494151,1.0001783252360377,-0.3539428482898472,0.1591076132699863,,False,False,False,0.8277310924369747,1.0,0.9402470115915093,0.9686794539899543,0.8348212817229083,0.911550988161179
lowlight,1,0.1540347512990104,3.3596298388094543,3.918756592828664,3.467307658973302,3.827550371206177,1000,989,0.989,0.8706471768963484,1.0000268586012409,-0.3347841396506892,,,False,False,False,0.989,1.0,0.41868050120175354,4.5399929762484854e-05,0.8454136585728064,0.10970860519699026
lowlight,2,0.1035790781587022,3.3537270089040123,3.8412592073737226,3.3518568111202662,3.807257606533697,1000,996,0.996,0.9027695999023408,1.000098409179633,-0.3557053830944742,,,False,False,False,0.996,1.0,0.40544518234572074,4.5399929762484854e-05,0.8354199233717775,0.10890060647915402
lowlight,3,0.184978234219142,3.3484842683655085,3.667596803745639,3.1610846484653625,3.8031975263346665,1000,997,0.997,0.8962864381605039,1.0002174338037977,-0.3637619013796331,0.0770506360044916,,False,False,False,0.997,1.0,0.40808228819543224,0.9847080012394189,0.8300833562148061,0.8023695066882833
lowlight,4,0.276287556551221,3.3444890398922364,3.4202495678550378,3.046827698441079,3.5558620896408164,1000,997,0.997,0.8916182470903273,1.0003756041900966,-0.3682213751198308,0.2550244632218462,,False,False,False,0.997,1.0,0.40999174768236785,0.9502740211682142,0.8256194210854623,0.7965624063837715
lowlight,5,0.1281451421436293,3.3421914124350067,3.129809361968361,3.366061287583689,3.0014325218085194,1000,990,0.99,0.8676817372885973,1.0000125159222295,-0.3369963334664924,0.5312446262569457,,False,False,False,0.99,1.0,0.4199239156670644,0.89920078643286,0.8447213379298477,0.7940999878343888
lowlight,6,0.0766482733518571,3.3418545926570857,2.831611985674094,3.3349312219609386,2.771725256070128,1000,987,0.987,0.9207376698078512,1.0001215692755836,-0.3501851397775058,0.4777020662062357,,False,False,False,0.987,1.0,0.39822517402180796,0.9088816300588741,0.8373410639993185,0.7855450852568955
lowlight,7,0.1452292476019598,3.3435259295369946,2.56184719525508,3.521511284355769,2.6906311279547683,1000,981,0.981,0.868377148863508,0.9997560240431204,-0.3515121207199562,0.2635973530132537,,False,False,False,0.981,1.0,0.4196319972290223,0.9486460982763566,0.8347390025093934,0.7991687749899111
lowlight,8,0.1455143702222391,3.347031701903824,2.3535747142926446,3.3317607328506345,2.415908046220688,1000,983,0.983,0.8667183836444223,1.000163264088132,-0.3568812531529757,0.4232220488559231,,False,False,False,0.983,1.0,0.4203286458193312,0.9188389564720935,0.8338467539100176,0.7944995027956588
lowlight,9,0.1449490712973195,3.351996242724628,2.2330848173868603,3.346825407401124,2.4194370862182373,1000,984,0.984,0.9039566742406402,0.9998543545215778,-0.3551124540854196,0.3455047323443925,,False,False,False,0.984,1.0,0.40496417432679316,0.9332324688007658,0.8348782703608305,0.7914162078412009
lowlight,10,0.0782574727178361,3.3578832948257933,2.217004136163986,3.325009001255306,2.2877348184038917,1000,993,0.993,0.8713238474353471,1.0000430662811728,-0.3573112309717799,0.1401703275513157,,False,False,False,0.993,1.0,0.41839728827306616,0.9723552424595598,0.8356738090809582,0.8047851834042836
lowlight,11,0.1242031198336878,3.364055045357865,2.310465298122196,3.302589249614309,2.202042346368829,1000,998,0.998,0.919011432797977,1.0001835504120833,-0.3522675213738064,0.0460137515688292,,False,False,False,0.998,1.0,0.39891319873147335,0.9908394653934465,0.8354335794582355,0.8009120617117537
lowlight,12,0.1473518473505838,3.369842340129516,2.5065418956497787,3.3546967511001307,2.6202943479760257,1000,993,0.993,0.9196915132583812,1.000096666645308,-0.3610349591185886,0.5094255038503697,,False,False,False,0.993,1.0,0.39864199788926835,0.903133315030015,0.833225705089971,0.7848910272713956
lowlight,13,0.2280196489809394,3.374618348187284,2.787010987276858,3.381634670935896,2.5986165892910265,1000,982,0.982,0.8849226418012976,0.9998909823852964,-0.3317452565760949,0.4406491822654252,,False,False,False,0.982,1.0,0.41274610133900613,0.9156419852976053,0.845308948061882,0.793061973534168
lowlight,14,0.2990689071596909,3.377867567195601,3.12435919036696,3.343220806219024,3.3909224940059923,1000,941,0.941,0.8355096928050992,0.9998530532775114,-0.3797472576311892,0.8166028777969389,,False,False,False,0.941,1.0,0.4336533950793365,0.8493188738951352,0.8246363487480887,0.7784184566386722
lowlight,15,0.0476889441681118,3.3792425730821307,3.4848115223119365,3.4105514005458994,3.5557816327153104,1000,996,0.996,0.9257250611896188,0.999952591169157,-0.3527638902497804,0.6362950061012589,,False,False,False,0.996,1.0,0.3962440137383758,0.8805055910392133,0.8375032420227796,0.7812465877624185
lowlight,16,0.1796392642114324,3.37860226660154,3.832049556893885,3.5668392388962227,3.7337888777887662,1000,996,0.996,0.8436408585166978,0.999760074810356,-0.3380726999885362,0.0899236563158429,,False,False,False,0.996,1.0,0.43014158436880956,0.9821760288311182,0.8404351971017403,0.812293291067935
lowlight,17,0.1913087407229382,3.376027406401967,4.131209578453102,3.519725340468163,4.1278800583116535,1000,989,0.989,0.912572844644612,0.9997166796875798,-0.3387935843736454,0.2967566910514008,,False,False,False,0.989,1.0,0.4014899228581734,0.9423756184243643,0.8394032961554909,0.7932555703938242
lowlight,18,0.0919270275953771,3.3718117186201866,4.352720592633801,3.3691951658261643,4.359071823696784,1000,993,0.993,0.9350356378869876,1.0000941091045157,-0.3560905104664981,0.1929537396325372,,False,False,False,0.993,1.0,0.39257187485011025,0.9621443881697515,0.8353308970290384,0.7928544086100381
lowlight,19,0.1073215586129558,3.366429561714206,4.47555968204356,3.314611214349885,4.370174965412374,1000,996,0.996,0.9271758047585268,1.000175142417616,-0.3456969631425102,0.2400930653070153,,False,False,False,0.996,1.0,0.39566958206100594,0.9531160465049042,0.8383236606200689,0.7936516099033948
lowlight,20,0.1404016784465807,3.360483706187281,4.4895663373948125,3.51185343733346,4.397951490495704,1000,995,0.995,0.8305956223410215,0.9999441754680783,-0.3370112869121155,0.2523775422972738,,False,False,False,0.995,1.0,0.4357896429571863,0.9507772143858698,0.8439836427014832,0.8096597611069118
lowlight,21,0.109941956950043,3.35463897792971,4.3965609884211645,3.466927455753402,4.527952120248344,1000,986,0.986,0.8725150069190454,0.9998809398916988,-0.3531254009160481,0.2628596714542097,,False,False,False,0.986,1.0,0.4178992070811461,0.9487860683479883,0.8361526855229642,0.7996141485356985
lowlight,22,0.1169759566052534,3.3495490701241835,4.210144599854232,3.319667463202616,4.142195661213289,1000,993,0.993,0.853602948610905,1.000195595373364,-0.346097650772748,0.5258113962592631,,False,False,False,0.993,1.0,0.42587774877225526,0.9001784304504976,0.8378130028751734,0.795686481150436
lowlight,23,0.1591988861736379,3.3457845807083686,3.954201394159952,3.341122759029038,3.7852624958559216,1000,989,0.989,0.8911495828967515,1.0001583450720597,-0.3361882328276985,0.1711596646135853,,False,False,False,0.989,1.0,0.4101839411677527,0.9663473508787441,0.8426018219452751,0.8012833524701906
lowlight,24,0.16013246094788,3.3437701974683023,3.6602695304596296,3.253149244190179,3.766262597056816,1000,997,0.997,0.8887900860598633,1.0000112085299695,-0.3665551259675704,0.3552091739388989,,False,False,False,0.997,1.0,0.41115291157124173,0.9314229254320974,0.8323504338336214,0.7951157062709013
lowlight,25,0.1318557216392478,3.343737945814084,3.3640691913586096,3.407545269876357,3.334579348415797,1000,980,0.98,0.8563333098532468,0.999814788852468,-0.3513309440177946,0.4785922496353871,,False,False,False,0.98,1.0,0.42471653466142467,0.9087198301892301,0.8357965656503046,0.7942754996516724
lowlight,26,0.0686231696519637,3.34570164600494,3.1015702870888617,3.385045354019799,3.062016657600549,1000,989,0.989,0.8699280797154905,1.00000585586463,-0.3512473572089591,0.2379317676500465,,False,False,False,0.989,1.0,0.4189816814458017,0.9535281290574195,0.8388353850212313,0.8018263343843594
lowlight,27,0.1176983345889586,3.349455391731155,2.905032668108987,3.4031928433696605,2.978373248815879,1000,994,0.994,0.8519691260311604,0.9998011610333858,-0.3542335759800227,0.1932426109142697,,False,False,False,0.994,1.0,0.4265741261780672,0.9620888025989499,0.8343569565432444,0.8061012398116557
lowlight,28,0.2061501474595524,3.354596217537932,2.7994547637428155,3.1962627396410217,2.7056491003786287,1000,995,0.995,0.9390969307914852,1.000282749621197,-0.3613285894507009,0.293958243656438,,False,False,False,0.995,1.0,0.39098075866172116,0.9429032037714673,0.8300092050540078,0.7883257219247557
lowlight,29,0.182954638375663,3.360568459723808,2.7998216024048475,3.139190290697361,2.6538664119524022,1000,990,0.99,0.8649370949226387,1.0003029808644652,-0.3449214510395387,0.2669689971690657,,False,False,False,0.99,1.0,0.42107803974089053,0.948006614497126,0.8365078075383378,0.8014119808063987
lowlight,30,0.1311694638489865,3.366724927194497,2.9094551681533574,3.3648301452346936,2.9938256347401406,1000,986,0.986,0.8758641744246074,1.0000722978628285,-0.3603819033735247,0.4831024441473036,,False,False,False,0.986,1.0,0.4165019337934276,0.9079004991408278,0.8339041121487898,0.7916435205080414
lowlight,31,0.1357401292737382,3.3723981482113743,3.1196486963961547,3.3820556705758653,2.9776787231917767,1000,990,0.99,0.8647281419945739,1.0000584917563466,-0.3364534702729848,0.4126113322802558,,False,False,False,0.99,1.0,0.42116603442329126,0.9207909348776573,0.8441740915465578,0.7982452035824387
lowlight,32,0.1189138117929711,3.376973849756624,3.410625167713249,3.4694048093224192,3.426348491569758,1000,996,0.996,0.9149414298341364,0.99979442900505,-0.3466649749475026,0.4700764481387878,,False,False,False,0.996,1.0,0.4005400851030325,0.9102688444625773,0.8374076164992162,0.7881382075772453
lowlight,33,0.1277618796218719,3.3799585804587906,3.753714482939273,3.363050408575934,3.600824246845061,1000,999,0.999,0.905541135122652,1.0000735125434583,-0.337807333935966,0.3357132973736422,,False,False,False,0.999,1.0,0.4043230325001613,0.9350617963965508,0.8433494598170035,0.7954783622633829
lowlight,34,0.059876648501858,3.3810340327338797,4.1145096427791685,3.3705738271636387,4.109156416296642,1000,992,0.992,0.9212224487835434,1.000096203418317,-0.3491965853738,0.3527439057204996,,False,False,False,0.992,1.0,0.3980321696158698,0.9318822801332374,0.8381801139266237,0.7903612701805934
lowlight,35,0.263692480866418,3.380092084027368,4.456654480426423,3.0852317608170017,4.412598377638261,1000,984,0.984,0.8313614361117788,1.0003171628369107,-0.3673091285193295,0.3574215853095204,,False,False,False,0.984,1.0,0.435456037003777,0.9310108784663428,0.8269617675743391,0.8010800574107032
lowlight,36,0.0858106371805925,3.377246699605905,4.745845970446055,3.44183776065079,4.776074689003055,1000,989,0.989,0.889167767689098,0.9998776856295196,-0.345179576178578,0.644749131721395,,False,False,False,0.989,1.0,0.4109976559901708,0.8790180679890993,0.8394266118893952,0.7859650499119888
lowlight,37,0.2041453473731329,3.3728213865648518,4.953610515315646,3.236745885785548,5.143855014404659,1000,995,0.995,0.8778883444159885,1.000035156328671,-0.3710345774599796,0.5617143642263712,,False,False,False,0.995,1.0,0.41565971576148975,0.893737766548702,0.8300906204020628,0.7895494344168917
lowlight,38,0.139800173212727,3.3673135801909666,5.060438492939383,3.4644072508337245,5.039129216641883,1000,993,0.993,0.9315099341539348,1.0000805813579612,-0.3504237095330169,0.6407319276291709,,False,False,False,0.993,1.0,0.3939584097941884,0.8797245907716876,0.8379277352567219,0.779813203772066
lowlight,39,0.2303987843481125,3.3613398832483483,5.057931995000772,3.1004588240582787,5.019096503600911,1000,999,0.999,0.8542440582980669,1.000337222832253,-0.3627337818600877,0.5976412505686705,,False,False,False,0.999,1.0,0.42560480192575323,0.8873389400389916,0.8285233901090355,0.7924890392888123
