mode,k,corner_err_px,true_tx,true_ty,est_tx,est_ty,n_used,n_inliers,rho,eps,scale,rot,temporal_resid,frac_inl_in_det,identity_fallback,solver_failed,too_few
clean,1,0.019700741508678555,3.3596298388094543,3.918756592828664,3.361487567951429,3.8981211696901457,980,963,0.9826530612244898,0.06401857417905392,1.0000215697094634,-0.3484297607069263,,,False,False,False
clean,2,0.00734615207317871,3.3537270089040123,3.8412592073737226,3.355573048900067,3.8513103888042433,973,866,0.8900308324768756,0.06702625999484521,0.9999956964917306,-0.3506718922716092,,,False,False,False
clean,3,0.013995057166217963,3.3484842683655085,3.6675968037456386,3.3582937128934005,3.674049092080592,969,850,0.8771929824561403,0.06496215351185257,0.9999918828007607,-0.3509094847710862,0.13073600677912006,,False,False,False
clean,4,0.014480579841274098,3.3444890398922364,3.4202495678550378,3.3492559420920403,3.424486155962997,996,872,0.8755020080321285,0.06550146709026775,0.9999995575323829,-0.35111220968159945,0.0732515381945866,,False,False,False
clean,5,0.024084574919280156,3.3421914124350067,3.129809361968361,3.3359200131249684,3.1476531577725484,998,917,0.9188376753507014,0.06174278285735834,0.9999990518362114,-0.3524616051428628,0.02760671021825607,,False,False,False
clean,6,0.02586913706175884,3.3418545926570857,2.831611985674094,3.3361368095968253,2.8466315640036948,995,943,0.9477386934673366,0.06097391165336796,0.9999947579565172,-0.35260675712781947,0.027726603161559754,,False,False,False
clean,7,0.013972205866233014,3.3435259295369946,2.56184719525508,3.344416829602682,2.5617782227541537,994,942,0.9476861167002012,0.06113069310197701,1.0000048620591568,-0.3511377901174967,0.018067317545432757,,False,False,False
clean,8,0.014376910491253867,3.3470317019038234,2.3535747142926446,3.3533269133969985,2.3508517784371237,994,929,0.9346076458752515,0.06271906097474814,0.9999887016360636,-0.35068322919376566,0.07392958183601235,,False,False,False
clean,9,0.013600129717928846,3.3519962427246277,2.2330848173868603,3.3634827047879674,2.2146995958729616,988,914,0.9251012145748988,0.062453301731686,0.9999966582926991,-0.34873311442365446,0.07478463751401598,,False,False,False
clean,10,0.01082549124500978,3.3578832948257933,2.217004136163986,3.3685559859583933,2.2060217630761083,996,942,0.9457831325301205,0.0639035377878849,0.9999908107509641,-0.34949363018856977,0.12757563152397128,,False,False,False
clean,11,0.01166556412687783,3.3640550453578655,2.310465298122196,3.3691000980033246,2.295433738692118,997,968,0.970912738214644,0.06316833371209543,1.0000040033946331,-0.3495215795497949,0.09819431698137901,,False,False,False
clean,12,0.011199600626710547,3.369842340129516,2.5065418956497787,3.376651181992424,2.492232537104608,993,969,0.9758308157099698,0.062395177716566615,1.000005721120471,-0.3492007307735757,0.10761518185715675,,False,False,False
clean,13,0.018337190725314326,3.3746183481872833,2.787010987276858,3.376486505885479,2.7957469142533604,999,976,0.9769769769769769,0.06338600998536496,1.0000003903890726,-0.3516518963610853,0.10699414796555566,,False,False,False
clean,14,0.030226581716762447,3.377867567195601,3.1243591903669596,3.3735467131712427,3.148274586992239,999,978,0.978978978978979,0.06149797164607056,0.9999918359092453,-0.35304923994913806,0.0490917958195577,,False,False,False
clean,15,0.012347744749492524,3.3792425730821307,3.4848115223119365,3.3785027440051465,3.494041375980293,999,989,0.98998998998999,0.06366748642493253,0.9999975241868274,-0.3512227399225478,0.010394882327161516,,False,False,False
clean,16,0.008919572943112086,3.37860226660154,3.8320495568938853,3.385317171390173,3.826627719779643,1000,986,0.986,0.06346309992536875,1.0000066723542358,-0.3495580482942087,0.013310814141653372,,False,False,False
clean,17,0.01597200378786365,3.376027406401967,4.131209578453102,3.3888886713052284,4.113930020467438,1000,985,0.985,0.06331065592745819,1.000005853409451,-0.3488165680712208,0.04540001254520368,,False,False,False
clean,18,0.012400605675748256,3.3718117186201866,4.352720592633801,3.376858901395996,4.34063391393733,1000,991,0.991,0.06397757179870626,1.0000059744023146,-0.3498844987532129,0.06257448823184338,,False,False,False
clean,19,0.015528436641835442,3.366429561714206,4.47555968204356,3.3658790776618557,4.460143363123902,1000,989,0.989,0.06512132081511764,1.0000193443060088,-0.34996151574827206,0.1071995861567582,,False,False,False
clean,20,0.015810658621060996,3.3604837061872814,4.4895663373948125,3.3637827871963295,4.48185731371477,999,983,0.983983983983984,0.0645620799590553,1.0000121644451314,-0.3505747592885382,0.09819815023164591,,False,False,False
clean,21,0.008924758008322205,3.35463897792971,4.3965609884211645,3.3588119560544962,4.386002509898208,999,987,0.987987987987988,0.06367553061488589,1.0000018967649729,-0.34973173092299037,0.11760389022908464,,False,False,False
clean,22,0.011845812124981533,3.3495490701241835,4.210144599854232,3.3547491006236463,4.19626725813865,1000,989,0.989,0.06366755308993005,1.0000094192302562,-0.3494183775856185,0.09388483863685952,,False,False,False
clean,23,0.006321270428878352,3.3457845807083686,3.954201394159952,3.355345988182968,3.9518325525301843,999,988,0.988988988988989,0.06528779001985882,0.9999946190161523,-0.3497119068311191,0.05489757240628432,,False,False,False
clean,24,0.008735714021253359,3.3437701974683023,3.6602695304596296,3.353972286697486,3.6662463649528534,1000,988,0.988,0.0667842581164213,0.9999935709892921,-0.35020463147513803,0.04119863698494597,,False,False,False
clean,25,0.015716091319113404,3.343737945814084,3.3640691913586096,3.347904956598488,3.3733446614541487,1000,993,0.993,0.06269190508066153,0.9999987782470957,-0.3513300337366711,0.008691773280377558,,False,False,False
clean,26,0.014515488327738066,3.3457016460049402,3.1015702870888617,3.3558713379222485,3.097536423465631,1000,989,0.989,0.06488088466093801,0.9999948064928181,-0.35048220962235566,0.022116320205793648,,False,False,False
clean,27,0.012092391993154823,3.349455391731155,2.905032668108987,3.355293163123719,2.8971565371955554,1000,992,0.992,0.06463489311137734,0.9999972152056092,-0.3502263897278659,0.07591077448088653,,False,False,False
clean,28,0.012544668109230009,3.3545962175379316,2.7994547637428155,3.3546460713899706,2.794620582311166,1000,992,0.992,0.06470687035962859,0.9999988646698823,-0.3507482215799906,0.09784395565670266,,False,False,False
clean,29,0.015892813109868693,3.360568459723808,2.7998216024048475,3.3631498536752273,2.7853196798443594,1000,993,0.993,0.06564633834496925,0.9999969748729904,-0.3500537907906551,0.0936830480643168,,False,False,False
clean,30,0.012183630534793169,3.366724927194497,2.9094551681533574,3.367574063315102,2.9021738159298978,1000,993,0.993,0.06478999690836129,1.0000001847754578,-0.35050031307682694,0.1262209834580314,,False,False,False
clean,31,0.012859875153980451,3.3723981482113743,3.1196486963961547,3.3875297388686216,3.112013146973966,1000,991,0.991,0.06448122455222752,0.9999877885904195,-0.349766137448355,0.09427339452307067,,False,False,False
clean,32,0.013007621249819024,3.3769738497566237,3.410625167713249,3.3976542466162982,3.406211194865909,1000,995,0.995,0.06315786085738383,0.9999853900239293,-0.3494214797703834,0.08492964717132974,,False,False,False
clean,33,0.013305057686369607,3.3799585804587906,3.753714482939273,3.40077076600311,3.7556688873220168,1000,993,0.993,0.06464315909751468,0.999982416486652,-0.34941713157508975,0.05570224607880575,,False,False,False
clean,34,0.010113822503806241,3.3810340327338793,4.1145096427791685,3.394002532731207,4.117743994412483,1000,993,0.993,0.06626834269377103,0.999990209135915,-0.34950425058114876,0.016028333886567464,,False,False,False
clean,35,0.019159733244741167,3.3800920840273676,4.4566544804264225,3.4036931413580875,4.4406007300543076,1000,995,0.995,0.0663646373617751,0.9999785080588052,-0.3486294346414576,0.04253203658106167,,False,False,False
clean,36,0.012355115591707495,3.377246699605905,4.745845970446055,3.3807237180023666,4.731587340273403,1000,997,0.997,0.0651297259162807,1.0000059021967667,-0.34975850801919206,0.04563313032835906,,False,False,False
clean,37,0.014986646862864708,3.3728213865648513,4.953610515315646,3.3782980099786615,4.934013347401431,1000,999,0.999,0.06595615577473225,1.000007327618693,-0.34937331047045006,0.090912181029258,,False,False,False
clean,38,0.014967170579494307,3.3673135801909666,5.060438492939383,3.3815191976275654,5.044341002899506,1000,999,0.999,0.06406555496894824,0.999992625851549,-0.34930973071192817,0.09227130541881322,,False,False,False
clean,39,0.013220824424453744,3.3613398832483483,5.0579319950007715,3.3735975889707106,5.044687736558861,1000,996,0.996,0.06414624937637134,0.9999937067866804,-0.3495105993603697,0.11054395088835083,,False,False,False
low_texture,1,5.917920635139128,3.3596298388094543,3.918756592828664,0.0,0.0,0,0,,,1.0,-0.0,,,True,False,True
low_texture,2,5.904079631079625,3.3537270089040123,3.8412592073737226,0.0,0.0,1,0,,,1.0,-0.0,,,True,False,True
low_texture,3,5.8824550521298375,3.3484842683655085,3.6675968037456386,0.0,0.0,1,0,,,1.0,-0.0,0.0,,True,False,True
low_texture,4,5.861003389177109,3.3444890398922364,3.4202495678550378,0.0,0.0,1,0,,,1.0,-0.0,0.0,,True,False,True
low_texture,5,5.847375516047594,3.3421914124350067,3.129809361968361,0.0,0.0,1,0,,,1.0,-0.0,0.0,,True,False,True
low_texture,6,5.845729597500366,3.3418545926570857,2.831611985674094,0.0,0.0,1,0,,,1.0,-0.0,0.0,,True,False,True
low_texture,7,5.855177377408109,3.3435259295369946,2.56184719525508,0.0,0.0,1,0,,,1.0,-0.0,0.0,,True,False,True
low_texture,8,5.870382870311556,3.3470317019038234,2.3535747142926446,0.0,0.0,1,0,,,1.0,-0.0,0.0,,True,False,True
low_texture,9,5.884057955531241,3.3519962427246277,2.2330848173868603,0.0,0.0,1,0,,,1.0,-0.0,0.0,,True,False,True
low_texture,10,5.8903737379638015,3.3578832948257933,2.217004136163986,0.0,0.0,1,0,,,1.0,-0.0,0.0,,True,False,True
low_texture,11,5.887780441649275,3.3640550453578655,2.310465298122196,0.0,0.0,1,0,,,1.0,-0.0,0.0,,True,False,True
low_texture,12,5.879860019935015,3.369842340129516,2.5065418956497787,0.0,0.0,2,0,,,1.0,-0.0,0.0,,True,False,True
low_texture,13,5.873765890763702,3.3746183481872833,2.787010987276858,0.0,0.0,3,0,,,1.0,-0.0,0.0,,True,False,True
low_texture,14,3729.8012402992244,3.377867567195601,3.1243591903669596,3876.98533283482,2998.4699550071236,7,3,0.42857142857142855,0.8584033396100474,5.2024717167049195,174.08783837360522,4901.207743209498,,False,False,False
low_texture,15,125.07488042593175,3.3792425730821307,3.4848115223119365,13.35616083809418,11.355091916391427,5,2,0.4,8.881784197001252e-16,0.801147297008221,-0.42189652396731037,9784.903603360232,,False,False,False
low_texture,16,115.84106326840049,3.37860226660154,3.8320495568938853,-9.220623012339457,6.091990539196439,6,3,0.5,0.9060570906462223,1.1290010354569886,-7.481043782511432,4862.625152869431,,False,False,False
low_texture,17,199.96216886677485,3.376027406401967,4.131209578453102,-75.8298563363298,192.03878822572554,6,4,0.6666666666666666,2.035828576879471,1.0771778146399562,-19.889774725128706,196.21437793036696,,False,False,False
low_texture,18,188.9216317066033,3.3718117186201866,4.352720592633801,-74.97961063731975,181.66537283575582,6,2,0.3333333333333333,0.0,1.078433142597543,-18.70179376179865,207.58710791486192,,False,False,False
low_texture,19,96.15690309714674,3.366429561714206,4.47555968204356,-9.366072413912612,6.314325962139133,5,3,0.6,1.0367679344079084,1.108756614698989,-6.31478484032869,177.23403439676775,,False,False,False
low_texture,20,6.007951748514826,3.3604837061872814,4.4895663373948125,0.0,0.0,4,0,,,1.0,-0.0,178.14934865582586,,True,False,True
low_texture,21,5.98564789442364,3.35463897792971,4.3965609884211645,0.0,0.0,4,0,,,1.0,-0.0,11.295752512285276,,True,False,True
low_texture,22,136.68477969088326,3.3495490701241835,4.210144599854232,-51.43845329595848,149.7864020537993,6,3,0.5,1.892684155138963,1.0314053133721222,-14.163251570620856,158.37260090591084,,False,False,False
low_texture,23,92.8480385018284,3.3457845807083686,3.954201394159952,-24.904890387761952,-76.10538714813728,7,3,0.42857142857142855,2.5799240463959476,1.1461468147328278,-0.9760581410619138,383.6844259233391,,False,False,False
low_texture,24,117.51919829726023,3.3437701974683023,3.6602695304596296,-41.31141294531927,132.5606736915905,5,4,0.8,1.3891814167086605,1.021809972202961,-12.278317637085546,436.67422178626464,,False,False,False
low_texture,25,105.31545895447191,3.343737945814084,3.3640691913586096,-36.03092867366052,119.8088204937051,6,4,0.6666666666666666,1.3862043165590934,1.016171654595026,-11.081178843702235,222.47745710965484,,False,False,False
low_texture,26,50.21642780699788,3.3457016460049402,3.1015702870888617,10.810635697135293,9.599364347786972,5,3,0.6,0.6493661021911039,0.9179035744846149,-0.3609214283515629,105.94955286070481,,False,False,False
low_texture,27,5.851396534884778,3.349455391731155,2.905032668108987,0.0,0.0,4,0,,,1.0,-0.0,115.95760753094699,,True,False,True
low_texture,28,48.33432814762167,3.3545962175379316,2.7994547637428155,11.259892692435832,9.340677327710184,5,3,0.6,1.607959351244089,0.9206472672889014,-0.340712560740632,29.083215125986914,,False,False,False
low_texture,29,37.67291770480971,3.360568459723808,2.7998216024048475,-48.46733946071869,36.900156856279594,6,3,0.5,1.771839607753966,1.025594919800693,-2.9584028420532187,73.2877660150551,,False,False,False
low_texture,30,105.18768342940815,3.366724927194497,2.9094551681533574,158.3532942254033,82.56497909343345,5,3,0.6,2.966315485631472,0.8332148468022562,-0.2622288197664805,267.1620635832644,,False,False,False
low_texture,31,3.63140221881064,3.3723981482113743,3.1196486963961547,5.025594013982731,2.949134493758654,5,3,0.6,0.7090449363443461,0.9947789978580623,-0.15010532065244342,381.3162308271918,,False,False,False
low_texture,32,5.8875441830548265,3.3769738497566237,3.410625167713249,0.0,0.0,4,0,,,1.0,-0.0,166.94699500458435,,True,False,True
low_texture,33,5.9168038121014215,3.3799585804587906,3.753714482939273,0.0,0.0,4,0,,,1.0,-0.0,5.82700518754327,,True,False,True
low_texture,34,5.249301616217145,3.3810340327338793,4.1145096427791685,5.701746906077842,4.663641458115672,5,3,0.6,0.94111379858158,0.9921444780944093,-0.08666829071148152,7.366102730129652,,False,False,False
low_texture,35,6.0180023687216035,3.3800920840273676,4.4566544804264225,0.0,0.0,3,0,,,1.0,-0.0,14.732205460259305,,True,False,True
low_texture,36,6.075868384887656,3.377246699605905,4.745845970446055,0.0,0.0,3,0,,,1.0,-0.0,7.366102730129652,,True,False,True
low_texture,37,6.12238943145332,3.3728213865648513,4.953610515315646,0.0,0.0,4,0,,,1.0,-0.0,0.0,,True,False,True
low_texture,38,6.145920009706031,3.3673135801909666,5.060438492939383,0.0,0.0,4,0,,,1.0,-0.0,0.0,,True,False,True
low_texture,39,3.9598230522769162,3.3613398832483483,5.0579319950007715,5.480642995178097,4.459831920141633,5,3,0.6,0.9518998833101383,0.9945252262794091,-0.1083195977063367,7.065942852621223,,False,False,False
blur,1,0.03498247675500084,3.3596298388094543,3.918756592828664,3.3807239355473584,3.9054807620897356,962,920,0.9563409563409564,0.07260896091756776,1.0000265513089237,-0.3499397128813965,,,False,False,False
blur,2,0.06223512422274603,3.3537270089040123,3.8412592073737226,3.315885460749789,3.8072941765980124,967,795,0.8221302998965874,0.0765694636629854,1.0001107742370836,-0.3505182089311762,,,False,False,False
blur,3,0.1482749910683,3.3484842683655085,3.6675968037456386,3.28211983514617,3.581729396325089,941,761,0.8087141339001063,0.10901586384589343,1.0002624944145326,-0.3478865626278282,0.13111341068993418,,False,False,False
blur,4,0.038425798699745474,3.3444890398922364,3.4202495678550378,3.31496510180802,3.4093900961209087,971,817,0.8414006179196705,0.07020084353332073,1.000066424877,-0.35114522814692006,0.08526407623935306,,False,False,False
blur,5,0.046309533063797134,3.3421914124350067,3.129809361968361,3.3341117925924433,3.136167912481432,994,895,0.9004024144869215,0.06871326863240916,1.0000565180162142,-0.3527684257192302,0.10180867915501719,,False,False,False
blur,6,0.06345847027317199,3.3418545926570857,2.831611985674094,3.30709811420107,2.8011240307418412,991,952,0.9606458123107972,0.07165623417608363,1.0001137627812997,-0.3499393896755545,0.07715375582839441,,False,False,False
blur,7,0.05350587921713204,3.3435259295369946,2.56184719525508,3.3113505558925924,2.55246776975391,994,949,0.954728370221328,0.06752726948971614,1.000086748869158,-0.35223052671083116,0.09187160216394755,,False,False,False
blur,8,0.05209306822261619,3.3470317019038234,2.3535747142926446,3.310065355329007,2.3318551679371367,983,936,0.9521871820956256,0.06672439418517932,1.000089933596828,-0.35139617904500625,0.02858517625367436,,False,False,False
blur,9,0.06504462634029098,3.3519962427246277,2.2330848173868603,3.3245606997646324,2.186970843548234,983,938,0.9542217700915565,0.07438103219411513,1.000113955348796,-0.34926016288050404,0.0773550101975604,,False,False,False
blur,10,0.10680827599854303,3.3578832948257933,2.217004136163986,3.300017211394625,2.1505385357823474,990,953,0.9626262626262626,0.08531229469398906,1.0001903518205093,-0.3497277605811471,0.11526434998049102,,False,False,False
blur,11,0.07861001207713607,3.3640550453578655,2.310465298122196,3.307959698018134,2.2714856327592643,992,961,0.96875,0.08017171387857937,1.0001403311690222,-0.35098354238037505,0.16069727940596418,,False,False,False
blur,12,0.05079319540094715,3.369842340129516,2.5065418956497787,3.3241357861106833,2.509300310889096,994,969,0.9748490945674044,0.07091456490921691,1.0000706461952,-0.3533679821752006,0.11715726062726158,,False,False,False
blur,13,0.06137841888476968,3.3746183481872833,2.787010987276858,3.343374287166737,2.7725300634168755,998,977,0.9789579158316634,0.0708186619945908,1.000101663819999,-0.35208894210723873,0.02559891364515826,,False,False,False
blur,14,0.05556916774341747,3.377867567195601,3.1243591903669596,3.3541312941956276,3.1168450166156974,996,976,0.9799196787148594,0.0647969707173282,1.0000888824853482,-0.35211142046430005,0.08152757514360401,,False,False,False
blur,15,0.05556350207950084,3.3792425730821307,3.4848115223119365,3.36722410032682,3.4543308649702418,998,977,0.9789579158316634,0.0710108743799914,1.000095026408229,-0.34906226080819047,0.007217522457218056,,False,False,False
blur,16,0.058345541158507624,3.37860226660154,3.8320495568938853,3.3639709189407383,3.793564407790692,999,971,0.9719719719719719,0.07579951924696056,1.000100050270908,-0.3489031130489813,0.016439152771996337,,False,False,False
blur,17,0.05044354960257101,3.376027406401967,4.131209578453102,3.3388318864168722,4.104584714698725,997,975,0.9779338014042126,0.07329733232537992,1.0000908804103117,-0.35030098904749074,0.035706822326761894,,False,False,False
blur,18,0.06755517885355622,3.3718117186201866,4.352720592633801,3.3462519420922554,4.294004354057069,1000,983,0.983,0.07686959667149501,1.0001142834860688,-0.348688853661535,0.125884139481098,,False,False,False
blur,19,0.09328732620656588,3.366429561714206,4.47555968204356,3.333907174322131,4.39735674188105,999,979,0.97997997997998,0.07945351122294611,1.0001560668087852,-0.3468398013294113,0.08830753100676862,,False,False,False
blur,20,0.03252831434534984,3.3604837061872814,4.4895663373948125,3.334736883958509,4.4655062975613005,999,981,0.9819819819819819,0.06889896511211603,1.0000574087469194,-0.3499900682035855,0.037587314959626084,,False,False,False
blur,21,0.04249695675501595,3.35463897792971,4.3965609884211645,3.3342889623714034,4.365196660567339,996,983,0.9869477911646586,0.07305294961461685,1.0000745504811592,-0.3495773854445597,0.16846403752133723,,False,False,False
blur,22,0.041230621387955996,3.3495490701241835,4.210144599854232,3.357400718755177,4.162434029132583,999,981,0.9819819819819819,0.0690539780650958,1.0000407740132922,-0.3466754391696336,0.1051269446715585,,False,False,False
blur,23,0.06636584901311345,3.3457845807083686,3.954201394159952,3.3303964525291465,3.897284097636851,999,987,0.987987987987988,0.07518887719583724,1.0001053046772492,-0.346968314288878,0.08002368981198382,,False,False,False
blur,24,0.06321487660468951,3.3437701974683023,3.6602695304596296,3.3333402509583494,3.6162034141205384,999,983,0.983983983983984,0.07342576116874638,1.0001035635091096,-0.3477077331325473,0.033921607222171454,,False,False,False
blur,25,0.025608692806287872,3.343737945814084,3.3640691913586096,3.3445082734247635,3.358108958929302,999,984,0.984984984984985,0.0673471683642568,1.0000393769626041,-0.3500770199852283,0.024413204493199482,,False,False,False
blur,26,0.0534860985343083,3.3457016460049402,3.1015702870888617,3.325869236095709,3.0866024904682923,999,989,0.98998998998999,0.07183545914439413,1.0000881151569958,-0.35153180476325147,0.03268551534853324,,False,False,False
blur,27,0.08329200389797713,3.349455391731155,2.905032668108987,3.30773973474135,2.856557429153211,995,986,0.9909547738693467,0.08087916267514667,1.0001481991666525,-0.3499140206605778,0.04146453797439397,,False,False,False
blur,28,0.026397954517291395,3.3545962175379316,2.7994547637428155,3.3573624968391886,2.7636695073653748,995,989,0.9939698492462311,0.06674257110350162,1.0000216255665304,-0.3476696399638136,0.1529785936861495,,False,False,False
blur,29,0.03793514116420212,3.360568459723808,2.7998216024048475,3.3632356930619394,2.7545051549505164,999,987,0.987987987987988,0.07131100536167802,1.0000393591041563,-0.34693356208552684,0.09446512892496635,,False,False,False
blur,30,0.02090045547257028,3.366724927194497,2.9094551681533574,3.3827418815468406,2.901511059207467,1000,991,0.991,0.06852500586206454,0.9999687296214453,-0.34945781182283353,0.15676417813696655,,False,False,False
blur,31,0.07730326542781653,3.3723981482113743,3.1196486963961547,3.350844220781301,3.0589578300234974,1000,990,0.99,0.07514377998957802,1.0001301731371546,-0.34775963578654195,0.052453478552585454,,False,False,False
blur,32,0.026438532189597103,3.3769738497566237,3.410625167713249,3.408874662553277,3.392832933549074,997,988,0.9909729187562688,0.0643071214604678,0.9999899957198319,-0.34779535092671177,0.19802530194060605,,False,False,False
blur,33,0.06216429061742321,3.3799585804587906,3.753714482939273,3.3719242935707947,3.710772750963348,1000,992,0.992,0.07532156353781647,1.0000975520599742,-0.34710754523511583,0.09630829535934737,,False,False,False
blur,34,0.05020469692429042,3.3810340327338793,4.1145096427791685,3.3929763035630454,4.065947153575475,998,991,0.9929859719438878,0.07343861702763924,1.0000485935087189,-0.3457652286034661,0.0689252515525679,,False,False,False
blur,35,0.0770345229383566,3.3800920840273676,4.4566544804264225,3.365671238725531,4.38015021716931,998,995,0.996993987975952,0.07805819387755193,1.0001090782041955,-0.34519157765955005,0.06338025960063115,,False,False,False
blur,36,0.04053701255956499,3.377246699605905,4.745845970446055,3.3747100527754603,4.6974125362185895,996,990,0.9939759036144579,0.0741569992348758,1.0000529629503905,-0.34766871127292676,0.03647240842783513,,False,False,False
blur,37,0.07299980029875545,3.3728213865648513,4.953610515315646,3.423877543793694,4.876560283397537,1000,998,0.998,0.0691674219077625,0.9999932275647312,-0.3425475954515623,0.14382609526143622,,False,False,False
blur,38,0.06243565896291552,3.3673135801909666,5.060438492939383,3.382139025175802,4.982539473526395,1000,997,0.997,0.07160422634538209,1.0000498619246296,-0.344490023487684,0.11669421720357717,,False,False,False
blur,39,0.03990323402230555,3.3613398832483483,5.0579319950007715,3.3874273556500283,5.009229658513636,999,998,0.998998998998999,0.07006206685847649,1.000005636166017,-0.34605537719414214,0.0921860665821049,,False,False,False
foreground,1,4.793504604940248,3.3596298388094543,3.918756592828664,4.068240667689599,6.091459934670249,984,309,0.31402439024390244,3.7931247430827586,0.9995917926509432,-0.7781221214791239,,0.5080906148867314,False,False,False
foreground,2,1.8130317999218493,3.3537270089040123,3.8412592073737226,0.606299357078725,3.493384933180685,1000,293,0.293,2.2831205584199026,1.0020958124864634,-0.4263488280143559,,0.40273037542662116,False,False,False
foreground,3,0.6621929855731024,3.3484842683655085,3.6675968037456386,2.7087402853581772,2.864963623993878,983,302,0.3072227873855544,1.3561183355701805,1.0009331335242708,-0.337032666853806,5.902701531339697,0.3079470198675497,False,False,False
foreground,4,0.8301791505525865,3.3444890398922364,3.4202495678550378,2.4219228453307013,4.260808181119106,871,244,0.2801377726750861,2.013688227235109,1.000138356534645,-0.4051633928436066,3.1314865236881833,0.35655737704918034,False,False,False
foreground,5,1.5297839875200605,3.3421914124350067,3.129809361968361,4.2307160986381405,4.073239342372125,874,277,0.3169336384439359,1.9531472254006432,0.9979066254961517,-0.2761806838840548,2.6265532852480273,0.21299638989169675,False,False,False
foreground,6,1.4233437042298407,3.3418545926570857,2.831611985674094,3.690302906105527,3.457256994618371,941,235,0.24973432518597238,1.6415555737415615,0.997599948072793,-0.3862450113008726,2.387950807675055,0.28085106382978725,False,False,False
foreground,7,1.66515380330857,3.3435259295369946,2.56184719525508,4.93954785377364,3.528079366835621,862,204,0.23665893271461716,2.014883315238622,0.9994615202753827,-0.315481460257277,1.9169186164678913,0.3284313725490196,False,False,False
foreground,8,1.2099964487401844,3.3470317019038234,2.3535747142926446,3.1202933749695925,0.9021152601808742,750,228,0.304,1.7950446471322439,1.0011729534346583,-0.24474679985414718,4.085137212247197,0.20175438596491227,False,False,False
foreground,9,1.0869522454274687,3.3519962427246277,2.2330848173868603,4.776362697185498,2.809707248423111,857,258,0.30105017502917153,1.5781384405149497,0.9981082307616187,-0.3390576565922601,5.712355590079575,0.2131782945736434,False,False,False
foreground,10,1.409468842099142,3.3578832948257933,2.217004136163986,3.580587934197042,0.9986932193089365,835,175,0.20958083832335328,1.3025640399997873,1.0010167275551864,-0.21589368840132972,4.686261345532749,0.14285714285714285,False,False,False
foreground,11,1.544872442161151,3.3640550453578655,2.310465298122196,1.4927675839667844,3.4025903788863348,924,148,0.16017316017316016,1.9700238546800186,1.0018660382100666,-0.40199373163302865,4.308273628528598,0.31756756756756754,False,False,False
foreground,12,0.8924578262793279,3.369842340129516,2.5065418956497787,3.6126849789497486,1.8483289295417136,933,218,0.23365487674169347,1.5820198555133458,0.9997909561559978,-0.2612568269300643,5.7768569746771075,0.23853211009174313,False,False,False
foreground,13,2.607875846640817,3.3746183481872833,2.787010987276858,6.205765134088455,0.9397029374785474,838,219,0.2613365155131265,2.344828105578771,1.000038422352848,-0.15688632813027098,0.8004549589434966,0.4246575342465753,False,False,False
foreground,14,4.62018647777988,3.377867567195601,3.1243591903669596,-0.7458759679199285,5.400506404516198,820,191,0.2329268292682927,3.038686327004893,1.006732298562687,-0.5166659305725323,10.951368708654423,0.4397905759162304,False,False,False
foreground,15,7.204551289300996,3.3792425730821307,3.4848115223119365,2.46984306970867,-1.3776812295107363,784,136,0.17346938775510204,3.3699760197949127,1.0118674338054572,-0.12572454960058843,15.1555314383524,0.6838235294117647,False,False,False
foreground,16,2.4203278444583263,3.37860226660154,3.8320495568938853,6.952199371957148,2.499232431096628,833,190,0.22809123649459784,2.2318704975391404,0.9969147906135956,-0.21950817399967754,10.730123650687407,0.3526315789473684,False,False,False
foreground,17,1.3872619865615408,3.376027406401967,4.131209578453102,2.629368543795039,5.298652013505594,829,217,0.2617611580217129,2.164378097076315,1.0013386225407626,-0.3900004302379671,8.870868835131137,0.42857142857142855,False,False,False
foreground,18,5.088378110912894,3.3718117186201866,4.352720592633801,9.9431697343881,6.2677341663671475,757,165,0.21796565389696168,2.773270494962846,0.9910245011195675,-0.339758350834478,11.77970032920703,0.5272727272727272,False,False,False
foreground,19,1.3313490962001715,3.366429561714206,4.47555968204356,2.542341722294675,6.2967617053131475,956,114,0.1192468619246862,1.7463880255268107,0.999835934237463,-0.4796724014435158,14.74462665684343,0.4473684210526316,False,False,False
foreground,20,1.5678761426925014,3.3604837061872814,4.4895663373948125,5.693957918343319,4.167843838524673,869,179,0.20598388952819333,1.9610198388262554,0.997567894875209,-0.2974946147773581,10.770831311467171,0.39106145251396646,False,False,False
foreground,21,1.929218519087556,3.35463897792971,4.3965609884211645,4.9424861694860445,2.7181305892954923,803,202,0.25155666251556663,2.1571413853695613,0.9979552980902284,-0.2042824389388258,3.961743860749173,0.40594059405940597,False,False,False
foreground,22,3.110665430153742,3.3495490701241835,4.210144599854232,1.8645652033029037,2.5810199793132234,862,186,0.21577726218097448,2.2010339286636897,1.005454743528061,-0.3820013901299467,2.6711966699129612,0.2849462365591398,False,False,False
foreground,23,1.3761915027309684,3.3457845807083686,3.954201394159952,4.146037991495716,3.859350615212583,672,229,0.34077380952380953,1.8305193899254197,0.999726043824994,-0.22001042870711635,5.5431557198934,0.1965065502183406,False,False,False
foreground,24,0.9740890259883825,3.3437701974683023,3.6602695304596296,2.859683814953839,4.344180372732677,974,229,0.2351129363449692,1.057703215361192,1.000932607443177,-0.4262424255070457,3.6550010799282417,0.19213973799126638,False,False,False
foreground,25,0.5944937311223422,3.343737945814084,3.3640691913586096,2.4075002664814873,3.448953648610458,806,170,0.2109181141439206,0.6721419548382137,1.000625240834889,-0.3707361193810934,1.6125745034747596,0.20588235294117646,False,False,False
foreground,26,1.9855278879664275,3.3457016460049402,3.1015702870888617,5.5091514255196925,3.7462749571299088,882,213,0.24149659863945577,1.7873233071818615,0.9964367659673178,-0.32399162091701084,3.748587992626579,0.38967136150234744,False,False,False
foreground,27,1.7778519424488595,3.349455391731155,2.905032668108987,2.3634095507148754,4.031620425620192,985,322,0.3269035532994924,1.4053707458798819,1.001367434701905,-0.5124951226454859,6.247404512279859,0.2360248447204969,False,False,False
foreground,28,1.9316973318010962,3.3545962175379316,2.7994547637428155,2.7435542373564905,1.727260962486258,933,302,0.3236870310825295,1.3619315053110341,1.0030346301441646,-0.2576059795970952,4.374751156016457,0.19536423841059603,False,False,False
foreground,29,0.8501514556173472,3.360568459723808,2.7998216024048475,4.120003665289159,3.1549578257089257,823,254,0.3086269744835966,1.1628891131745354,0.9987110997160202,-0.38368751696467807,3.86275388299816,0.3031496062992126,False,False,False
foreground,30,0.9624120488049159,3.366724927194497,2.9094551681533574,2.2979337103347763,3.243156948056248,863,196,0.22711471610660486,0.9426022829889953,1.0001964484606611,-0.426898412748525,3.4676765190130294,0.23979591836734693,False,False,False
foreground,31,0.8950313850549417,3.3723981482113743,3.1196486963961547,4.186746134428797,3.208738288686602,827,169,0.20435308343409916,1.1081503908383106,0.9985457834568838,-0.308667551952842,3.712907641125097,0.2781065088757396,False,False,False
foreground,32,2.0948017705299105,3.3769738497566237,3.410625167713249,3.882113515220163,4.47117821900614,931,268,0.2878625134264232,1.8970793433092306,0.9977703325459515,-0.5119296617649332,2.548145082141048,0.40298507462686567,False,False,False
foreground,33,2.863433105648593,3.3799585804587906,3.753714482939273,-0.013907289314100266,6.19173240949765,931,205,0.22019334049409237,2.27257591500502,1.0025456322528337,-0.5947914732285183,3.620488609714085,0.2634146341463415,False,False,False
foreground,34,1.1037386686373616,3.3810340327338793,4.1145096427791685,3.2748312467920884,2.897764764631612,991,191,0.1927346115035318,1.1463000602231328,1.0011683811563115,-0.25723575541819454,8.761632040904129,0.3036649214659686,False,False,False
foreground,35,0.5750941255554788,3.3800920840273676,4.4566544804264225,3.821543762454998,4.227038091634965,936,116,0.12393162393162394,0.9315467580535219,1.0002801277756843,-0.30056058338839425,5.375226858539074,0.3275862068965517,False,False,False
foreground,36,1.0128501631225806,3.377246699605905,4.745845970446055,2.0099880382649777,5.261776816836126,692,120,0.17341040462427745,1.376373103702772,1.0006721798820717,-0.3842363685215411,2.37658993576044,0.2833333333333333,False,False,False
foreground,37,0.6537934846199971,3.3728213865648513,4.953610515315646,4.001410791110689,5.014620353759662,943,149,0.15800636267232238,1.6624428515549803,0.9996065587659896,-0.296241231087966,4.013215739344988,0.30201342281879195,False,False,False
foreground,38,3.184142144796045,3.3673135801909666,5.060438492939383,4.130655245750947,4.709975668498842,893,180,0.20156774916013437,2.916571936849982,0.9995066660698754,-0.0506594362785422,1.863065460470264,0.2833333333333333,False,False,False
foreground,39,0.29813552903078877,3.3613398832483483,5.0579319950007715,3.7393153758535296,4.92190276247022,756,108,0.14285714285714285,0.8592444758255484,0.9997055843478925,-0.3457478741392279,0.7333856025676163,0.2037037037037037,False,False,False
repetitive,1,0.01211767537779672,3.3596298388094543,3.918756592828664,3.3606915893114584,3.906770578363351,752,658,0.875,0.019157272271264444,1.0000170753317592,-0.3494864374033073,,,False,False,False
repetitive,2,0.03496992308938966,3.3537270089040123,3.8412592073737226,3.3258420239927844,3.850554292794154,814,594,0.7297297297297297,0.025585886585128448,1.000041949651008,-0.3527116007296679,,,False,False,False
repetitive,3,0.1486604424799004,3.3484842683655085,3.6675968037456386,3.2779577244525906,3.5880830492181386,851,596,0.700352526439483,0.09392944680791418,1.0002644607548163,-0.3498158766901399,0.2066664268782431,,False,False,False
repetitive,4,0.06756732533475249,3.3444890398922364,3.4202495678550378,3.3263998730194375,3.3636391687575267,932,642,0.6888412017167382,0.046468361688238355,1.000111970399787,-0.347770060053343,0.1035609238585151,,False,False,False
repetitive,5,0.02826506769572703,3.3421914124350067,3.129809361968361,3.33762999797956,3.1080614911656093,940,675,0.7180851063829787,0.027174244944946885,1.000046939862928,-0.34927815833626824,0.04851853279645519,,False,False,False
repetitive,6,0.0804382258049459,3.3418545926570857,2.831611985674094,3.303559274440173,2.8002966011238537,936,654,0.6987179487179487,0.050806545360581185,1.0001381664977453,-0.3517324330077174,0.06910623718637883,,False,False,False
repetitive,7,0.06956947453755985,3.3435259295369946,2.56184719525508,3.3204968288693975,2.5142506845828647,939,674,0.7177848775292864,0.04428363863128294,1.0001207913010912,-0.34921368899001315,0.05543968101685024,,False,False,False
repetitive,8,0.07632185857777747,3.3470317019038234,2.3535747142926446,3.3204463773288433,2.2991476212196194,927,681,0.7346278317152104,0.042793079021989346,1.0001323254131138,-0.3486435972501694,0.07294848020231894,,False,False,False
repetitive,9,0.0438664506381221,3.3519962427246277,2.2330848173868603,3.345781017977661,2.192477314986313,902,648,0.7184035476718403,0.029440085490087073,1.0000675380773614,-0.34796936923287825,0.11136456224608976,,False,False,False
repetitive,10,0.0647472534739799,3.3578832948257933,2.217004136163986,3.3301173314226507,2.1823087954893543,918,631,0.6873638344226579,0.04111046014782669,1.0001132406668947,-0.3505068562693581,0.10484969087612854,,False,False,False
repetitive,11,0.05263585658505191,3.3640550453578655,2.310465298122196,3.3466393143957927,2.272431776588761,938,683,0.7281449893390192,0.03392556410180933,1.000090574736493,-0.3487815712411716,0.10532949451528824,,False,False,False
repetitive,12,0.06709970090240844,3.369842340129516,2.5065418956497787,3.3500826603114664,2.458960047823971,946,695,0.7346723044397463,0.03914161936073936,1.0001149369344384,-0.3484070054375106,0.09728838940721232,,False,False,False
repetitive,13,0.05305919902885176,3.3746183481872833,2.787010987276858,3.3609325785321524,2.745974586354344,928,669,0.7209051724137931,0.03373343273213941,1.0000887284568594,-0.34830711173879714,0.10075885682273496,,False,False,False
repetitive,14,0.07735340157801099,3.377867567195601,3.1243591903669596,3.347083218761477,3.07844485579262,936,723,0.7724358974358975,0.045599883029641505,1.0001363657543942,-0.3494678370150481,0.05173275370271926,,False,False,False
repetitive,15,0.04933066205953353,3.3792425730821307,3.4848115223119365,3.362112676356012,3.4516333783578057,936,719,0.7681623931623932,0.03369164604625142,1.0000859155844444,-0.34923639112983784,0.04991955759139163,,False,False,False
repetitive,16,0.055879991641311993,3.37860226660154,3.8320495568938853,3.36025520508915,3.7951137144006437,947,741,0.7824709609292503,0.0366946312606554,1.0000969252103782,-0.34892740407223277,0.034172279889063135,,False,False,False
repetitive,17,0.07566516731538508,3.376027406401967,4.131209578453102,3.333929348513032,4.0985987256603265,936,715,0.7638888888888888,0.04571039322580999,1.000133610695035,-0.3510543166935776,0.04688632939516911,,False,False,False
repetitive,18,0.07583929868995569,3.3718117186201866,4.352720592633801,3.3267101744930505,4.3254608987299985,926,703,0.7591792656587473,0.04547735044571034,1.0001355346561678,-0.3505222129329022,0.07896913732967746,,False,False,False
repetitive,19,0.0689765784164614,3.366429561714206,4.47555968204356,3.3308134284436095,4.442400455518645,949,710,0.7481559536354057,0.043987548260917116,1.0001231886235555,-0.3500843595214369,0.1105042032920632,,False,False,False
repetitive,20,0.07062143511973436,3.3604837061872814,4.4895663373948125,3.319043942469563,4.4637654054681395,948,737,0.7774261603375527,0.044276817570420665,1.0001227646692692,-0.3515975739932931,0.09688368977889263,,False,False,False
repetitive,21,0.07161968716891598,3.35463897792971,4.3965609884211645,3.316376626793243,4.362268087409735,940,778,0.8276595744680851,0.044541591130972544,1.0001268856429957,-0.3507066007055996,0.12319897079186018,,False,False,False
repetitive,22,0.09162760108128748,3.3495490701241835,4.210144599854232,3.302603573688784,4.158440419674156,952,771,0.8098739495798319,0.05185551466447238,1.0001636818537964,-0.349573084272285,0.1029312288320488,,False,False,False
repetitive,23,0.07942430413639051,3.3457845807083686,3.954201394159952,3.3059076650336334,3.9125754916665025,955,782,0.818848167539267,0.048659260732900445,1.0001416614864194,-0.34998184205128074,0.04537356183643313,,False,False,False
repetitive,24,0.06926229672923837,3.3437701974683023,3.6602695304596296,3.312787080481618,3.6151968428784307,950,757,0.7968421052631579,0.041328964852382744,1.0001224044577475,-0.3492082302938407,0.05163764490258452,,False,False,False
repetitive,25,0.08417464398128935,3.343737945814084,3.3640691913586096,3.2966718096127656,3.32295294132089,925,723,0.7816216216216216,0.050890777807000895,1.000147370026626,-0.3513731982258013,0.023561010757842563,,False,False,False
repetitive,26,0.07063727327389253,3.3457016460049402,3.1015702870888617,3.3081475993859835,3.065492970858768,941,727,0.7725823591923485,0.04185530517193208,1.0001244567525802,-0.35081905673926816,0.04439806853687691,,False,False,False
repetitive,27,0.12100219504571494,3.349455391731155,2.905032668108987,3.2684098990847774,2.875686054091735,949,760,0.8008429926238145,0.07232918138183346,1.0002009707727106,-0.35461916756971035,0.08485138325256543,,False,False,False
repetitive,28,0.07255769985990312,3.3545962175379316,2.7994547637428155,3.309361855909127,2.774007305196529,952,773,0.8119747899159664,0.042886726852321706,1.0001241323362013,-0.3520930265679496,0.11948805270605363,,False,False,False
repetitive,29,0.10781221178840361,3.360568459723808,2.7998216024048475,3.2854573752758083,2.77483627372336,948,749,0.790084388185654,0.06354116752669943,1.0001804599119464,-0.3539996559872517,0.12130205938390602,,False,False,False
repetitive,30,0.10258640014551161,3.366724927194497,2.9094551681533574,3.292427911402126,2.893213792666451,959,707,0.7372262773722628,0.05762399768282112,1.0001663916247236,-0.3545470258162699,0.12153570818846553,,False,False,False
repetitive,31,0.06606902318135277,3.3723981482113743,3.1196486963961547,3.332217211828692,3.0786117875786005,945,717,0.7587301587301587,0.037979181551805415,1.0001182394816839,-0.34990456951527343,0.07462449657662282,,False,False,False
repetitive,32,0.1030802184405639,3.3769738497566237,3.410625167713249,3.3141326546613916,3.422114690285598,950,725,0.7631578947368421,0.06415406979564195,1.0001363474534843,-0.3569891868974985,0.1683643230070209,,False,False,False
repetitive,33,0.08226375734039729,3.3799585804587906,3.753714482939273,3.325466242562042,3.743150179496622,934,722,0.7730192719486081,0.04856329524406451,1.0001337740905518,-0.3535001456178013,0.03701637378833931,,False,False,False
repetitive,34,0.08375790799501504,3.3810340327338793,4.1145096427791685,3.328313854084486,4.082428557609537,929,721,0.7761033369214209,0.050410995331514566,1.0001474449138645,-0.35160550838129234,0.020120009706216267,,False,False,False
repetitive,35,0.09867856190155912,3.3800920840273676,4.4566544804264225,3.3134768330294615,4.418782343193503,947,751,0.7930306230200633,0.05370876653790243,1.0001735458667316,-0.35207042748639417,0.017924828335591895,,False,False,False
repetitive,36,0.08844309974238175,3.377246699605905,4.745845970446055,3.3169845020924305,4.721440497112308,934,766,0.8201284796573876,0.052364488819760385,1.0001478822920247,-0.3532421147284632,0.03836565194075808,,False,False,False
repetitive,37,0.09555897687256207,3.3728213865648513,4.953610515315646,3.3030180459101244,4.9342348360466,941,779,0.8278427205100957,0.05631817774945751,1.0001552265580707,-0.35419211614755514,0.09154698409373377,,False,False,False
repetitive,38,0.11836288263964781,3.3673135801909666,5.060438492939383,3.2807973830232364,5.061157329710378,946,791,0.8361522198731501,0.06741617826945888,1.0001743815762656,-0.3569743408396265,0.08626764015831818,,False,False,False
repetitive,39,0.10632417617436991,3.3613398832483483,5.0579319950007715,3.2837761552120543,5.03098042467277,952,788,0.8277310924369747,0.06161265994941512,1.0001783252360377,-0.35394284828984723,0.15910761326998638,,False,False,False
lowlight,1,0.15403475129901045,3.3596298388094543,3.918756592828664,3.467307658973302,3.8275503712061765,1000,989,0.989,0.8706471768963484,1.0000268586012409,-0.3347841396506892,,,False,False,False
lowlight,2,0.10357907815870229,3.3537270089040123,3.8412592073737226,3.3518568111202662,3.8072576065336965,1000,996,0.996,0.9027695999023407,1.000098409179633,-0.35570538309447425,,,False,False,False
lowlight,3,0.184978234219142,3.3484842683655085,3.6675968037456386,3.1610846484653625,3.8031975263346665,1000,997,0.997,0.8962864381605039,1.0002174338037975,-0.3637619013796331,0.07705063600449163,,False,False,False
lowlight,4,0.27628755655122106,3.3444890398922364,3.4202495678550378,3.046827698441079,3.5558620896408164,1000,997,0.997,0.8916182470903273,1.0003756041900966,-0.36822137511983083,0.25502446322184624,,False,False,False
lowlight,5,0.1281451421436293,3.3421914124350067,3.129809361968361,3.3660612875836895,3.0014325218085194,1000,990,0.99,0.8676817372885973,1.0000125159222297,-0.3369963334664924,0.5312446262569457,,False,False,False
lowlight,6,0.0766482733518571,3.3418545926570857,2.831611985674094,3.3349312219609386,2.7717252560701278,1000,987,0.987,0.9207376698078512,1.0001215692755836,-0.3501851397775058,0.4777020662062357,,False,False,False
lowlight,7,0.1452292476019598,3.3435259295369946,2.56184719525508,3.521511284355769,2.6906311279547683,1000,981,0.981,0.868377148863508,0.9997560240431203,-0.3515121207199562,0.26359735301325377,,False,False,False
lowlight,8,0.14551437022223912,3.3470317019038234,2.3535747142926446,3.3317607328506345,2.4159080462206877,1000,983,0.983,0.8667183836444223,1.000163264088132,-0.3568812531529757,0.4232220488559231,,False,False,False
lowlight,9,0.14494907129731957,3.3519962427246277,2.2330848173868603,3.346825407401124,2.4194370862182373,1000,984,0.984,0.9039566742406402,0.9998543545215778,-0.3551124540854196,0.34550473234439255,,False,False,False
lowlight,10,0.07825747271783613,3.3578832948257933,2.217004136163986,3.3250090012553066,2.2877348184038913,1000,993,0.993,0.8713238474353471,1.0000430662811728,-0.3573112309717799,0.14017032755131575,,False,False,False
lowlight,11,0.12420311983368784,3.3640550453578655,2.310465298122196,3.3025892496143086,2.202042346368829,1000,998,0.998,0.919011432797977,1.0001835504120833,-0.3522675213738064,0.04601375156882921,,False,False,False
lowlight,12,0.14735184735058388,3.369842340129516,2.5065418956497787,3.3546967511001307,2.6202943479760257,1000,993,0.993,0.9196915132583813,1.000096666645308,-0.3610349591185886,0.5094255038503697,,False,False,False
lowlight,13,0.22801964898093946,3.3746183481872833,2.787010987276858,3.381634670935896,2.5986165892910265,1000,982,0.982,0.8849226418012976,0.9998909823852963,-0.3317452565760949,0.44064918226542527,,False,False,False
lowlight,14,0.2990689071596909,3.377867567195601,3.1243591903669596,3.3432208062190236,3.3909224940059923,1000,941,0.941,0.8355096928050992,0.9998530532775114,-0.3797472576311892,0.8166028777969389,,False,False,False
lowlight,15,0.04768894416811181,3.3792425730821307,3.4848115223119365,3.4105514005458994,3.5557816327153104,1000,996,0.996,0.9257250611896188,0.999952591169157,-0.35276389024978044,0.6362950061012589,,False,False,False
lowlight,16,0.17963926421143242,3.37860226660154,3.8320495568938853,3.5668392388962227,3.7337888777887662,1000,996,0.996,0.8436408585166978,0.9997600748103559,-0.3380726999885362,0.08992365631584297,,False,False,False
lowlight,17,0.19130874072293824,3.376027406401967,4.131209578453102,3.519725340468163,4.1278800583116535,1000,989,0.989,0.912572844644612,0.9997166796875798,-0.33879358437364543,0.29675669105140084,,False,False,False
lowlight,18,0.09192702759537712,3.3718117186201866,4.352720592633801,3.3691951658261643,4.359071823696784,1000,993,0.993,0.9350356378869877,1.0000941091045155,-0.35609051046649814,0.1929537396325372,,False,False,False
lowlight,19,0.10732155861295589,3.366429561714206,4.47555968204356,3.314611214349885,4.370174965412374,1000,996,0.996,0.9271758047585268,1.000175142417616,-0.34569696314251025,0.24009306530701532,,False,False,False
lowlight,20,0.1404016784465807,3.3604837061872814,4.4895663373948125,3.5118534373334596,4.3979514904957036,1000,995,0.995,0.8305956223410215,0.9999441754680783,-0.33701128691211557,0.2523775422972738,,False,False,False
lowlight,21,0.10994195695004307,3.35463897792971,4.3965609884211645,3.466927455753402,4.527952120248344,1000,986,0.986,0.8725150069190454,0.9998809398916988,-0.3531254009160481,0.26285967145420974,,False,False,False
lowlight,22,0.11697595660525344,3.3495490701241835,4.210144599854232,3.3196674632026157,4.142195661213289,1000,993,0.993,0.853602948610905,1.000195595373364,-0.34609765077274807,0.5258113962592631,,False,False,False
lowlight,23,0.15919888617363795,3.3457845807083686,3.954201394159952,3.341122759029038,3.7852624958559216,1000,989,0.989,0.8911495828967515,1.0001583450720597,-0.33618823282769855,0.17115966461358537,,False,False,False
lowlight,24,0.16013246094788003,3.3437701974683023,3.6602695304596296,3.253149244190179,3.7662625970568158,1000,997,0.997,0.8887900860598633,1.0000112085299695,-0.36655512596757045,0.35520917393889895,,False,False,False
lowlight,25,0.1318557216392478,3.343737945814084,3.3640691913586096,3.407545269876357,3.334579348415797,1000,980,0.98,0.8563333098532468,0.9998147888524681,-0.3513309440177946,0.47859224963538716,,False,False,False
lowlight,26,0.06862316965196377,3.3457016460049402,3.1015702870888617,3.385045354019799,3.062016657600549,1000,989,0.989,0.8699280797154905,1.0000058558646299,-0.35124735720895917,0.2379317676500465,,False,False,False
lowlight,27,0.11769833458895863,3.349455391731155,2.905032668108987,3.4031928433696605,2.978373248815879,1000,994,0.994,0.8519691260311604,0.9998011610333858,-0.35423357598002275,0.19324261091426978,,False,False,False
lowlight,28,0.2061501474595524,3.3545962175379316,2.7994547637428155,3.1962627396410217,2.7056491003786287,1000,995,0.995,0.9390969307914852,1.000282749621197,-0.36132858945070095,0.293958243656438,,False,False,False
lowlight,29,0.18295463837566306,3.360568459723808,2.7998216024048475,3.1391902906973614,2.6538664119524022,1000,990,0.99,0.8649370949226387,1.0003029808644652,-0.3449214510395387,0.26696899716906575,,False,False,False
lowlight,30,0.13116946384898653,3.366724927194497,2.9094551681533574,3.3648301452346936,2.9938256347401406,1000,986,0.986,0.8758641744246074,1.0000722978628285,-0.3603819033735247,0.48310244414730363,,False,False,False
lowlight,31,0.13574012927373824,3.3723981482113743,3.1196486963961547,3.3820556705758653,2.9776787231917767,1000,990,0.99,0.8647281419945739,1.0000584917563466,-0.3364534702729848,0.4126113322802558,,False,False,False
lowlight,32,0.11891381179297111,3.3769738497566237,3.410625167713249,3.4694048093224192,3.4263484915697586,1000,996,0.996,0.9149414298341365,0.99979442900505,-0.34666497494750265,0.47007644813878785,,False,False,False
lowlight,33,0.12776187962187197,3.3799585804587906,3.753714482939273,3.363050408575934,3.6008242468450615,1000,999,0.999,0.9055411351226519,1.0000735125434583,-0.33780733393596607,0.33571329737364225,,False,False,False
lowlight,34,0.05987664850185809,3.3810340327338793,4.1145096427791685,3.3705738271636387,4.109156416296642,1000,992,0.992,0.9212224487835434,1.000096203418317,-0.3491965853738,0.35274390572049963,,False,False,False
lowlight,35,0.263692480866418,3.3800920840273676,4.4566544804264225,3.0852317608170017,4.412598377638261,1000,984,0.984,0.8313614361117788,1.0003171628369107,-0.3673091285193295,0.35742158530952045,,False,False,False
lowlight,36,0.08581063718059254,3.377246699605905,4.745845970446055,3.44183776065079,4.776074689003055,1000,989,0.989,0.889167767689098,0.9998776856295195,-0.345179576178578,0.644749131721395,,False,False,False
lowlight,37,0.20414534737313295,3.3728213865648513,4.953610515315646,3.236745885785548,5.143855014404659,1000,995,0.995,0.8778883444159885,1.0000351563286707,-0.3710345774599796,0.5617143642263712,,False,False,False
lowlight,38,0.139800173212727,3.3673135801909666,5.060438492939383,3.4644072508337245,5.039129216641883,1000,993,0.993,0.9315099341539347,1.0000805813579612,-0.35042370953301694,0.6407319276291709,,False,False,False
lowlight,39,0.23039878434811256,3.3613398832483483,5.0579319950007715,3.1004588240582787,5.019096503600911,1000,999,0.999,0.8542440582980669,1.0003372228322527,-0.3627337818600877,0.5976412505686705,,False,False,False
